"SN.","Title","Registration Number","Registration Date","Language","Periodicity","Publisher","Owner","Publication State","Publication District"
"2001","AFROASIAI SANDESH","55804","23-06-1992","Hindi","Daily","ANIL SHUKLA","AFROASIAI PRAKASHAN SAMITI","Uttar Pradesh","Lakhimpur Kheri"
"2002","AFROASIAN SANDESH","59690","12-01-1995","Urdu","Weekly","ANIL KUMAR SHUKLA","AFROASIAI PRAKASHAN SAMITI","Uttar Pradesh","Lakhimpur Kheri"
"2003","AFSANA","PUNPUN/2001/11254","20-11-2003","Punjabi","Monthly","GURMEET SINGH","GURMEET SINGH","Punjab","Ludhiana"
"2004","AFSOS","MPHIN/2015/65869","01-02-2016","Hindi","Weekly","PRADEEP BHATNAGAR","PRADEEP BHATNAGAR","Madhya Pradesh","Bhopal"
"2005","AFTAAB E WILAYAT","MAHENG/2021/84285","12-05-2023","English","Annual","SYED MOHAMMED QAISER","KAMELAH TRUST","Maharashtra","Thane"
"2006","AFTAAB E WILAYAT","MAHURD/2019/78196","29-11-2019","Urdu","Annual","SYED MOHAMMED QAISER","KAMELAH TRUST","Maharashtra","Thane"
"2007","AFTAB","12943","05-06-1967","Urdu","Daily","GULAM MOHAMAD MIZ","GULAM MOHAMAD MIZ","Jammu and Kashmir","Srinagar"
"2008","AFTAB E AHSAS","MAHURD/2017/72771","28-07-2017","Urdu","Half Yearly","SHAIKH ALEEMUDDIN ABHUL RASHEED","SHAIKH ALEEMUDDIN ABHUL RASHEED","Maharashtra","Nashik"
"2009","AFTAB E AWADH","UPURD/2010/36109","11-03-2011","Urdu","Daily","PUSHPA AGNIHOTRI","PUSHPA AGNIHOTRI","Uttar Pradesh","Lucknow"
"2010","AFTAB E AWADH","UPHIN/2016/71416","04-05-2017","Hindi","Daily","PUSHPA AGNIHOTRI","PUSHPA AGNIHOTRI","Uttar Pradesh","Lucknow"
"2011","AFTAB E BHOPAL","MPURD/2019/85290","23-08-2023","Urdu","Monthly","NAVED KHAN","NAVED KHAN","Madhya Pradesh","Bhopal"
"2012","AFTAB E BHOPAL","MPURD/2011/44161","19-07-2012","Urdu","Daily","NAVED KHAN","NAVED KHAN","Madhya Pradesh","Bhopal"
"2013","AFTAB E HIND","DELHIN/2010/34920","28-12-2010","Hindi","Weekly","M.J. ANSARI","M.J. ANSARI","Delhi","New Delhi"
"2014","AFTAB E HIND","DELURD/2006/19290","19-04-2007","Urdu","Daily","M.J. ANSARI","M.J. ANSARI","Delhi","New Delhi"
"2015","AFTAB E HIND","UPURD/2014/58108","11-11-2014","Urdu","Daily","M. J. ANSARI","M. J. ANSARI","Uttar Pradesh","Gorakhpur"
"2016","AFTAB E SEHAR","UPURD/2014/55993","24-06-2014","Urdu","Daily","ADITYA SHARMA","ADITYA SHARMA","Uttar Pradesh","Kanpur Nagar"
"2017","AFTAB E WATAN","UTTURD/2011/39079","05-10-2011","Urdu","Daily","MONU VERMA","MONU VERMA","Uttarakhand","Dehradun"
"2018","AFTAB TIMES","UPHIN/2013/51399","13-08-2013","HINDI","Daily","MOHD FAROOQ KHAN","MOHD FAROOQ KHAN","Uttar Pradesh","Gonda"
"2019","AFTAB TIMES","UPHIN/2010/34297","15-11-2010","Hindi","Fortnightly","MOHD. FAROOQ KHAN","MOHD. FAROOQ KHAN","Uttar Pradesh","Gonda"
"2020","AFTAB-E-HIDAYAT","UTTHIN/2006/18539","06-02-2007","Hindi","Quarterly","SYED ASHARAF HUSAIN KADARI","SYED ASHARAF HUSAIN KADARI","Uttarakhand","Dehradun"
"2021","AFTER BRAKE","DELHIN/2006/16722","08-03-2010","Hindi","Weekly","MANISH KUMAR SINHA","MANISH KUMAR SINHA","Delhi","New Delhi"
"2022","AFTER SCHOOL","DELENG/2012/40548","30-01-2012","English","Monthly","RASHMI LUTHRA","RASHMI LUTHRA","Delhi","New Delhi"
"2023","AFTERNOON","30540","06-11-1978","English","Daily","M N SUDHAN","M N SUDHAN","Tamil Nadu","Coimbatore"
"2024","AFTERNOON VOICE","MAHENG/2009/29332","09-03-2011","English","Daily","VAIDEHI SACHIN SRIVASTAV","NEWSMAKERS PUBLICATIONS PVT. LTD.","Maharashtra","Mumbai"
"2025","AFWAHA","MPHIN/2011/40578","30-01-2012","Hindi","Monthly","SAMEER SHAHNI","SAMEER SHAHNI","Madhya Pradesh","Bhopal"
"2026","AFZAL EXPRESS","DELURD/2015/61583","27-04-2015","Urdu","Weekly","AFZAL KHAN","AFZAL KHAN","Delhi","New Delhi"
"2027","AGA CHUDAR","TNTAM/2004/14792","19-10-2012","Tamil","Monthly","A.V. KUMARESAN","AGAMUDAIYAR EDUCATIONAL UPLIFT ASSOCIATION","Tamil Nadu","Chennai"
"2028","AGAAZ E CHANDAN","MPHIN/2012/43110","02-09-2013","Hindi","Daily","ARSHAD KHAN","ARSHAD KHAN","Madhya Pradesh","Indore"
"2029","AGAAZ E CHANDAN","MPHIN/2014/55342","16-04-2014","Hindi","Daily","ARSHAD KHAN","ARSHAD KHAN","Madhya Pradesh","Bhopal"
"2030","AGAAZ E CHANDAN","MPHIN/2013/52457","08-10-2013","Hindi","Daily","ARSHAD KHAN","ARSHAD KHAN","Madhya Pradesh","Indore"
"2031","AGAAZ E JUNG","UPURD/2014/55535","06-05-2014","Urdu","Daily","SABA JAMEEL","SABA JAMEEL","Uttar Pradesh","Lucknow"
"2032","AGAAZ E WATAN","MPHIN/2016/69176","09-11-2016","Hindi","Monthly","ABDUL QUADIR","ABDUL QUADIR","Madhya Pradesh","Bhopal"
"2033","AGAAZ KESARI","RAJHIN/2010/31211","03-06-2013","Hindi","Fortnightly","SUNIL SHARMA","SUNIL SHARMA","Rajasthan","Jaipur"
"2034","AGAJ","UTTHIN/2002/10014","27-02-2003","Hindi","Weekly","ASHOK KHANNA","ASHOK KHANNA","Uttarakhand","Dehradun"
"2035","AGAM BANI","33533","07-10-2013","Assamese","Monthly","RAGHUNANDAN DUTTA","SATSANG","Jharkhand","Deoghar"
"2036","AGAM MAKIZHL","TNTAM/2015/64634","09-11-2015","Tamil","Weekly","KARTHEESWARAN A","KARTHEESWARAN  A","Tamil Nadu","Madurai"
"2037","AGAM NIGAM","MAHHIN/2002/09055","13-02-2003","Hindi","Monthly","GAJRAJ MISHRIMALJI MEHTA","GAJRAJ M. MEHTA","Maharashtra","Mumbai"
"2038","AGAMI DUNIYA","ODIODI/2010/33999","20-10-2010","Oriya","Monthly","PARTHA SARATHI JENA","PARTHA SARATHI JENA","Odisha","Khordha"
"2039","AGAMI ORISSA","ODIBIL/2008/24137","30-05-2008","English, Oriya","Daily","B. L. MISHRA","B.L. MISHRA","Odisha","Khordha"
"2040","AGAMUDAYA MUDALIYAR","TNTAM/2014/60606","05-03-2015","Tamil","Fortnightly","A. VIJAYAKUMAR","A. VIJAYAKUMAR","Tamil Nadu","Vellore"
"2041","AGAMY MEDIA","RJHIN/26/A2999","30-04-2026","Hindi","Daily Evening","VIPLAV KUMAR JAIN","VIPLAV KUMAR JAIN","Rajasthan","Udaipur"
"2042","AGAMY MEDIA","RAJHIN/2023/90687","30-04-2025","HINDI","Monthly","VIPLAV KUMAR JAIN","VIPLAV KUMAR JAIN","Rajasthan","Udaipur"
"2043","AGAPE","40876","07-05-1988","English","Bimonthly (Once in two months)","LALCHHUANLIANA","AGAPE ASSOCIATION","Mizoram","Aizawl"
"2044","AGAR DARPAN","MPHIN/2016/70775","28-03-2017","Hindi","Monthly","MUKESH RAWAL","MUKESH RAWAL","Madhya Pradesh","Ujjain"
"2045","AGAR EXPRESS","MPHIN/2017/70812","10-04-2017","Hindi","Monthly","ANIL KUMAR","ANIL KUMAR","Madhya Pradesh","Bhopal"
"2046","AGAR HALCHAL","MPHIN/2016/70745","20-03-2017","Hindi","Monthly","SUNNY KUSHWAH","SUNNY KUSHWAH","Madhya Pradesh","Ujjain"
"2047","AGAR KESARI","DELBIL/2016/74380","18-01-2018","English, HINDI","Weekly","RAJENDER AGGARWAL","RAJENDER AGGARWAL","Delhi","New Delhi"
"2048","AGAR MALWA CHARCHA","MPHIN/2017/70831","03-04-2017","Hindi","Monthly","RAJESH PANCHAL","RAJESH PANCHAL","Madhya Pradesh","Ujjain"
"2049","AGAR MALWA JANMAT","MPHIN/2017/70721","16-03-2017","Hindi","Monthly","MANOHAR SINGH","MANOHAR SINGH","Madhya Pradesh","Ujjain"
"2050","AGAR MALWA KE NAJARE","MPHIN/2021/80601","21-01-2022","Hindi","Monthly","JULFIKAR ALI MULTANI","JULFIKAR ALI MULTANI","Madhya Pradesh","Bhopal"
"2051","AGAR SAMAJ NEWS","HARHIN/2022/86278","01-02-2024","Hindi","Monthly","MUKESH BANSAL","MUKESH BANSAL","Haryana","Fatehabad"
"2052","AGAR SATYA PADHNA HAI","MPHIN/2023/88896","13-09-2024","HINDI","Monthly","TOFIQ UR REHMAN","TOFIQ UR REHMAN","Madhya Pradesh","Bhopal"
"2053","AGAR TODAY","MPHIN/2017/70841","03-04-2017","Hindi","Monthly","RAMESH CHANDRA","RAMESH CHANDRA","Madhya Pradesh","Ujjain"
"2054","AGAR TODAY DARPAN","MPHIN/2015/75348","20-06-2018","Hindi","Monthly","MANSINGH CHAUHAN","MANSINGH CHAUHAN","Madhya Pradesh","Ujjain"
"2055","AGAR VARTA","MPHIN/2017/70815","10-04-2017","Hindi","Monthly","MAYANK SONI","MAYANK SONI","Madhya Pradesh","Ujjain"
"2056","AGARAM VOICE","KARKAN/2021/81244","24-03-2022","Kannada","Monthly","R.MUGIL ARASU","R MUGIL ARASU","Karnataka","Bengaluru"
"2057","AGARO-BARO","WBBIL/2006/18066","03-01-2007","English, Bengali","Monthly","MD MASUD KARIM","EMDADUL HOQUE","West Bengal","Kolkata"
"2058","AGARTALA BARTA","28254","02-08-1973","Bengali","Weekly","PALLAVI BAUL","PALLAVI BAUL","Tripura","West Tripura"
"2059","AGARTALA DARPAN","TRIBEN/2016/67137","31-05-2016","Bengali","Daily","SANDHYA RANI SAHA","SANDHYA RANI SAHA","Tripura","West Tripura"
"2060","AGARTALA EXPRESS","TRIBEN/2023/89525","10-10-2024","BENGALI","Weekly","TINKU SUTRADHAR","TINKU SUTRADHAR","Tripura","West Tripura"
"2061","AGARVANSHAJ PATRIKA","HARHIN/2016/66944","20-05-2016","Hindi","Monthly","SHARWAN KUMAR AGGARWAL","AGGARSAIN FOUNDATION","Haryana","Ambala"
"2062","AGARWAL SAMMELAN","DELHIN/2000/01513","30-12-2013","Hindi","Monthly","GOPAL SHARAN GARG","AKHIL BHARTIYA AGRAWAL SAMELAN","Delhi","New Delhi"
"2063","AGASTYA VAANI","KARKAN/2020/79085","16-11-2020","Kannada","Daily","RAGHAVENDRA","RAGHAVENDRA","Karnataka","Koppal"
"2064","AGATHIAR WEEKLY","TNTAM/2007/21244","26-09-2007","Tamil","Weekly","K . M . PARAMASIVAM","K.M. PARAMASIVAM","Tamil Nadu","Karur"
"2065","AGATHIYAR ADHIKARAM","TNTAM/2024/90256","03-12-2024","TAMIL","Monthly","MALATHI","MALATHI","Tamil Nadu","Tiruppur"
"2066","AGAVANPUR TIMES","UPHIN/2020/79193","11-12-2020","Hindi","Weekly","MUZAHID HUSAIN","MUZAHID HUSAIN","Uttar Pradesh","Moradabad"
"2067","AGAWAN EXPRESS","MPHIN/2018/76215","15-10-2018","Hindi","Fortnightly","MOHAMMED IRFAN","MOHAMMED IRFAN","Madhya Pradesh","Mandsaur"
"2068","AGE KUTCH","1744","04-03-1957","Gujarati","Weekly","NATVARLAL S. SHAH","NATVARLAL S SHAH","Gujarat","Arvalli"
"2069","AGEETAYAN","66304","07-08-1997","Hindi","Weekly","ANURAG MISHRA","ANURAG MISHRA","Uttar Pradesh","Lucknow"
"2070","AGEIBA","ODIODI/2009/33877","05-10-2010","Oriya","Daily","MAHESH SAHOO","MAHESH SAHOO","Odisha","Anugul"
"2071","AGENDA BHARAT","DELHIN/2016/66610","06-04-2016","Hindi","Monthly","ANURAG KUMAR","ANURAG KUMAR","Delhi","New Delhi"
"2072","AGENDA TIMES","MPHIN/2012/49053","08-04-2013","Hindi","Weekly","GAURAV SHRIVASTAVA","GAURAV SHRIVASTAVA","Madhya Pradesh","Gwalior"
"2073","AGENT RAJASTHAN","35091","22-12-1979","Hindi","Fortnightly","ALOK SINGH SAINI","ALOK SINGH SAINI","Rajasthan","Jaipur"
"2074","AGGARJAN PATRIKA","HARBIL/2012/43779","06-07-2012","English, HINDI","Monthly","INDRA GUPTA","INDRA GUPTA","Haryana","Panchkula"
"2075","AGGARJAN SEWAK","HARBIL/2017/75016","11-03-2019","English, HINDI","Monthly","SHIV KUMAR JAIN","SHIV KUMAR JAIN","Haryana","Rohtak"
"2076","AGGARWAL EKTA DARPAN","62839","19-12-1995","Hindi","Monthly","ANIL AGGARWAL","ANIL AGGARWAL","Madhya Pradesh","Indore"
"2077","AGGI PULLA","APTEL/25/A3774","07-11-2025","Telugu","Daily","POLAVARAPU BABURAO","POLAVARAPU BABURAO","Andhra Pradesh","East Godavari"
"2078","AGHADI","MAHMAR/2001/05370","03-10-2001","Marathi","Weekly","NANDKISHORE ANANT MAHAJAN","NANDKISHORE ANANT MAHAJAN","Maharashtra","Sindhudurg"
"2079","Aghal Vilaku","TNTAM/25/A5062","11-12-2025","Tamil","Monthly","Jayagopal G","Jayagopal G","Tamil Nadu","Chennai"
"2080","AGHAZ E NAU","23442","27-11-1972","Urdu","Weekly","RAFI UDDIN KHAN","RAFIUDDIN KHAN","Uttar Pradesh","Rampur"
"2081","AGHAZ-E-KAROBAR.","71984","25-10-1999","Urdu","Fortnightly","MUMTAZ SHARIQ","MUMTAZ SHARIQ","Jharkhand","Purbi Singhbhum"
"2082","AGIPT SAMACHAR","GUJGUJ/2008/24737","10-07-2008","Gujarati","Weekly","Jhala Rekhadevi Hemantsingh","REKHA HEMANTSINH ZALA","Gujarat","Ahmedabad"
"2083","AGITATOR (DAILY)","9977","01-01-1964","Urdu","Daily","IKBAL KRISHNA SHARMA","IKBAL KRISHNA SHARMA","Punjab","Ludhiana"
"2084","AGLI JINDAGI","46582","27-03-1987","Punjabi","Weekly","PREET SHARMA","PREET SHARMA","Punjab","Patiala"
"2085","AGLI PICHLI KHABAR","MPHIN/25/A0984","04-06-2025","Hindi","Monthly","neha kushwaha","neha kushwaha","Madhya Pradesh","Bhopal"
"2086","AGLI SADI","47620","25-11-1989","Hindi","Weekly","MOINUDDIN","MOINUDDIN","Madhya Pradesh","Bhopal"
"2087","AGLI SADI","MPHIN/2009/38023","27-06-2011","Hindi","Weekly","MUINE-UDDIN","MUINE-UDDIN","Madhya Pradesh","Panna"
"2088","AGLI SADI","58817","12-12-1994","Hindi","Daily","MOINUDDIN","MOINUDDIN","Madhya Pradesh","Bhopal"
"2089","AGMAN","GUJGUJ/2015/66810","04-05-2016","Gujarati","Daily","NILESH M. JANI","NILESH M. JANI","Gujarat","Amreli"
"2090","AGMAN","GJGUJ/26/A1908","24-03-2026","Gujarati","Daily (Monday To Saturday)","NILESH MUKUNDRAY JANI","NILESH MUKUNDRAY JANI","Gujarat","Bhavnagar"
"2091","AGMAN","GUJGUJ/2013/52772","24-10-2013","Gujarati","Weekly","NILESH M. JANI","NILESH M. JANI","Gujarat","Amreli"
"2092","AGMAN PRATIKSHA","MAHMAR/2017/75679","18-07-2018","Marathi","Monthly","DEEPAK MADHUKAR KAMLE","DEEPAK MADHUKAR KAMLE","Maharashtra","Sangli"
"2093","AGNESTRA","UPHIN/2014/63466","31-07-2015","Hindi","Daily","MANJU","MANJU","Uttar Pradesh","Lucknow"
"2094","AGNI ALOK","MPHIN/2015/66025","08-02-2016","Hindi","Daily","RAMSWAROOP MANTRI","RAMSWAROOP MANTRI","Madhya Pradesh","Indore"
"2095","AGNI BAANA","KARKAN/2023/89211","04-10-2024","KANNADA","Weekly","T. H. SANJAY KUMAR","T. H. SANJAY KUMAR","Karnataka","Chikmagalur"
"2096","AGNI BAN","38430","12-12-2005","Hindi","Daily","Rajesh Chelawat","Rajesh Chelawat","Madhya Pradesh","Indore"
"2097","AGNI BLAST","MPHIN/2004/16741","13-06-2006","Hindi","Monthly","MUKESH  THAKUR","MUKESH THAKUR","Madhya Pradesh","Indore"
"2098","AGNI CHARAN","47774","23-12-1987","Hindi","Daily","KRISHAN BALLABH DUBEY","KRISHAN BALLABH DUBEY","Uttar Pradesh","Lalitpur"
"2099","AGNI CHARAN","15372","12-01-2010","Hindi","Daily","SANJAY DUBEY","SANJAY DUBEY","Uttar Pradesh","Jalaun"
"2100","AGNI CHARAN","UPHIN/2010/32293","11-09-2012","Hindi","Daily","SANJAY DUBEY","SANJAY DUBEY","Uttar Pradesh","Kanpur Nagar"
"2101","AGNI DARSHAN","MPHIN/2010/31939","19-04-2010","Hindi","Daily","VIPUL JOSHI","VIPUL JOSHI","Madhya Pradesh","Ujjain"
"2102","AGNI DHARA","TELTEL/2024/89359","04-10-2024","TELUGU","Weekly","CHEGONDA RAVI KUMAR YADAV","CHEGONDA RAVI KUMAR YADAV","Telangana","Peddapalli"
"2103","AGNI EXPRESS","HRHIN/25/A1484","01-07-2025","Hindi","Weekly","Mohit Kumar","Mohit Kumar","Haryana","Sirsa"
"2104","AGNI GAATHA","MPHIN/2010/66306","04-03-2016","Hindi","Monthly","RAJKUMARI JAIN","RAJ KUMARI JAIN","Madhya Pradesh","Bhopal"
"2105","AGNI INDORE","MPHIN/2023/89726","21-10-2024","HINDI","Monthly","KAMAL","KAMAL","Madhya Pradesh","Indore"
"2106","AGNI JWALE","KARKAN/2001/05924","12-02-2002","Kannada","Weekly","ANAND ISHWAR AWADI","ANAND ISHWAR AWADI","Karnataka","Bijapur"
"2107","AGNI KADAM","MPHIN/2021/83254","07-02-2023","Hindi","Fortnightly","DIGVIJAY SINGH","DIGVIJAY SINGH","Madhya Pradesh","Ujjain"
"2108","AGNI KATHIR","TNTAM/2012/45163","13-09-2012","Tamil","Monthly","X.GILMORE","X.GILMORE","Tamil Nadu","Coimbatore"
"2109","AGNI KIRAN DAINIK","72260","01-12-1999","Hindi","Daily","DILEEP NIGAM","DILEEP NIGAM","Madhya Pradesh","Indore"
"2110","AGNI KUMBH","MPHIN/2015/63121","08-07-2015","Hindi","Daily","NARENDRA YADAV","NARENDRA YADAV","Madhya Pradesh","Dewas"
"2111","AGNI LEKHANA","KARKAN/2015/62809","22-06-2015","Kannada","Weekly","ANIL KUMAR K L","ANIL KUMAR K L","Karnataka","Bengaluru"
"2112","AGNI MALARKAL","TNTAM/2013/53616","17-12-2013","Tamil","Monthly","R. PANNEERSELVAM","R. PANNEERSELVAM","Tamil Nadu","Chennai"
"2113","AGNI MASHAAL","MPHIN/2005/15134","11-08-2005","Hindi","Daily","RAJESH  RATHORE","RAJESH RATHORE","Madhya Pradesh","Ujjain"
"2114","AGNI MEDIA","KARBIL/2024/89347","03-10-2024","BILINGUAL","Daily","B. R. MANJUNATH","B R MANJUNATH","Karnataka","Kolar"
"2115","AGNI MIMANSHA","MPHIN/2015/69990","17-01-2017","Hindi","Monthly","KUSUM SAHU","KUSUM SAHU","Madhya Pradesh","Bhopal"
"2116","AGNI NATCHATHIRAM","TNTAM/2007/23054","25-02-2008","Tamil","Monthly","I. G. KHANNAN","DEVAR BHADUKAPPU PERAVAI MATRUM SAMUGA NALA ARAKKATTALAI","Tamil Nadu","Chennai"
"2117","AGNI NAVRANG","MPHIN/2022/82303","07-10-2022","Hindi","Monthly","RUKSHAR KHAN","RUKSHAR KHAN","Madhya Pradesh","Indore"
"2118","AGNI NAYAK","47871","12-12-1988","Hindi","Weekly","KAVITA AGGARWAL","KAVITA AGGARWAL","Uttarakhand","Dehradun"
"2119","AGNI NETRA","APTEL/2018/76233","17-10-2018","Telugu","Monthly","KARTAM SRINIVASULU REDDY","KARTAM SRINIVASULU REDDY","Andhra Pradesh","Sri Potti Sriramulu Nellore"
"2120","AGNI NETRA","KARKAN/2016/70102","25-01-2017","Kannada","Monthly","RUDRAPPA MOHAN PATTAR","RUDRAPPA MOHAN PATTAR","Karnataka","Bagalkot"
"2121","AGNI OJASVI","MPHIN/2015/63503","31-07-2015","Hindi","Monthly","RADHA SONI","RADHA SONI","Madhya Pradesh","Bhopal"
"2122","AGNI PARVA","KARKAN/2021/90331","13-12-2024","KANNADA","Daily","PRABHULINGAYYA HIREMATH","PRABHULINGAYYA HIREMATH","Karnataka","Bagalkot"
"2123","AGNI PARVA TIMES","MAHBIL/2017/72600","24-07-2017","Marathi, Hindi","Weekly","KAMLESH S. DUBEY","KAMLESH S. DUBEY","Maharashtra","Thane"
"2124","AGNI PATAR","JKBIL/2013/53533","13-12-2013","English, HINDI","Monthly","BHARTI SHARMA","BHARTI SHARMA","Jammu and Kashmir","Rajouri"
"2125","AGNI PATH","50166","12-03-1990","Hindi","Daily","ARJUN SINGH CHANDEL","ARJUN SINGH CHANDEL","Madhya Pradesh","Ujjain"
"2126","Agni patrika","MPBIL/25/A0504","27-05-2025","Hindi, English","Monthly","VINAY AGNIHOTRI","VINAY AGNIHOTRI","Madhya Pradesh","Bhopal"
"2127","AGNI POOKKAL","TNTAM/2022/82296","11-10-2022","Tamil","Monthly","PALANIVELU V","PALANIVELU V","Tamil Nadu","Thanjavur"
"2128","AGNI POOLU","44850","18-11-1986","Telugu","Fortnightly","K SWAYM PRAKASH","K. SWAYM PRAKASH","Telangana","Nizamabad"
"2129","AGNI PRABHAT SAMACHAR PATR","MPHIN/2017/70579","07-03-2017","Hindi","Weekly","NEERAJ BADODIYA","NEERAJ BADODIYA","Madhya Pradesh","Indore"
"2130","AGNI PRAKASH","MPHIN/26/A2150","02-04-2026","Hindi","Weekly (monday to friday)","ANAND PANCHAL","ANAND PANCHAL","Madhya Pradesh","Ujjain"
"2131","AGNI PURATCHI","TNTAM/2013/53268","02-12-2013","Tamil","Monthly","D. NARAYANASAMY","D. NARAYANASAMY","Tamil Nadu","Thiruvallur"
"2132","AGNI SADHANA","MPHIN/2015/63501","31-07-2015","Hindi","Monthly","SADHANA SHARMA","SADHANA SHARMA","Madhya Pradesh","Bhopal"
"2133","AGNI SAKSHI","MPHIN/2010/36127","10-03-2011","Hindi","Weekly","SHUBHAM BAMANE","SHUBHAM BAMNE","Madhya Pradesh","Ujjain"
"2134","AGNI SAKSHI","MPHIN/2012/47691","28-01-2013","Hindi","Daily","SHUBHAM BAMANE","SHUBHAM BAMANE","Madhya Pradesh","Ujjain"
"2135","AGNI SAKSHI","MAHMAR/2005/19506","07-05-2007","Marathi","Weekly","RAUF NYAJU PATEL","RAUF NYAJU PATEL","Maharashtra","Chhatrapati Sambhaji Nagar"
"2136","AGNI SANKET","WBBEN/2003/17589","01-11-2006","Bengali","Fortnightly","ELI MUKHERJEE","ELI MUKHERJEE","West Bengal","Purba Bardhaman"
"2137","AGNI SANKET","MAHMAR/2016/73943","22-11-2017","Marathi","Weekly","KSHIRSAGAR HARISCHANDRA VASANT","KSHIRSAGAR HARISCHANDRA VASANT","Maharashtra","Pune"
"2138","AGNI SEITHI","TNBIL/2022/86905","23-04-2024","English, Tamil","Bimonthly (Once in two months)","M. VANITHA","VANITHA M","Tamil Nadu","Thiruvallur"
"2139","AGNI SHATHRIAN","TNTAM/2007/21944","27-11-2007","Tamil","Monthly","ARANGA SHANMUGAM","ARANGA SHANMUGAM","Tamil Nadu","Chennai"
"2140","AGNI SHIKHA","4445","23-10-1966","Oriya","Daily","ARJUN RANJAN PANDA","ARJUN RANJAN PANDA","Odisha","Sambalpur"
"2141","AGNI SHIKHA","18135","11-01-1971","Hindi","Monthly","NAVAJATA","AUROBINDO ACTION","Puducherry","Puducherry"
"2142","AGNI SIRAGU","TNTAM/2016/70165","27-01-2017","Tamil","Monthly","M. MOHAMED IQBAL","M.MOHAMED IQBAL","Tamil Nadu","Tiruchirappalli"
"2143","AGNI SURAKSHA","GJMUL/25/A5219","17-12-2025","Gujarati, Hindi, English","Bimonthly (Once in two months)","PATEL SHAILESHKUMAR","SALAMATI PUBLICATION (OPC) PRIVATE LIMITED","Gujarat","Ahmedabad"
"2144","AGNI TIMES","KARKAN/2012/46628","27-11-2012","Kannada","Monthly","K.VENKATESH","K.VENKATESH","Karnataka","Bengaluru"
"2145","AGNI TODAY","MPHIN/2013/50209","10-06-2013","Hindi","Monthly","UMA AGARWAL","UMA AGRWAL","Madhya Pradesh","Bhopal"
"2146","AGNI VANDANA","MPHIN/2015/69993","17-01-2017","Hindi","Monthly","VANDANA SAHU","VANDANA SAHU","Madhya Pradesh","Bhopal"
"2147","AGNI VANI","KARKAN/2014/58290","20-01-2015","Kannada","Monthly","DASAIAH","DASAIAH","Karnataka","Bengaluru"
"2148","AGNI VARTA","MPHIN/2014/58895","12-12-2014","Hindi","Monthly","ZUBAIR KHALIL","ZUBAIR KHALII","Madhya Pradesh","Bhopal"
"2149","AGNI YUGHA","KARKAN/2000/01398","11-07-2000","Kannada","Monthly","SHIVARAJ B.C.","SHIVARAJ B.C.","Karnataka","Bengaluru Rural"
"2150","AGNI-ITHU PATHRIKEYALLA PRATHIBHATENEYA ASTHRA","70850","06-11-2009","Kannada","Weekly","M. S. RAVINDRA","M.S. RAVINDRA","Karnataka","Bengaluru"
"2151","AGNIBAN","MPHIN/2012/47586","12-03-2014","Hindi","Daily","RAJESH CHELAWAT","RAJESH CHELAWAT","Madhya Pradesh","Jabalpur"
"2152","AGNIBAN","45133","10-08-2009","Hindi","Daily","RAJESH CHELAWAT","RAJESH CHELAWAT","Madhya Pradesh","Ujjain"
"2153","AGNIBAN","MPHIN/2005/15337","30-09-2005","Hindi","Daily","RAJESH CHELAWAT","RAJESH CHELAWAT","Madhya Pradesh","Bhopal"
"2154","AGNIBAN","MPHIN/2012/48257","25-02-2013","Hindi","Daily","RAJESH CHELAWAT","RAJESH CHELAWAT","Madhya Pradesh","Gwalior"
"2155","AGNIBANA","ODIODI/2021/81353","25-04-2022","Oriya","Weekly","RUKADEV PATTANAIK","RUKADEV PATTANAIK","Odisha","Khordha"
"2156","AGNICHAKRA","66018","01-01-1997","Gujarati","Monthly","VINOD KHIMJI PRAJAPATI","VINOD KHIMJI PRAJAPATI","Maharashtra","Mumbai"
"2157","AGNICHAKRA","64674","04-12-1996","Hindi","Weekly","SYED MAHMOOD ALI CHISTI","SYED MAHMOOD ALI CHISHTI","Madhya Pradesh","Harda"
"2158","AGNICHARCHA TIMES","MPHIN/2016/70002","17-01-2017","Hindi","Quarterly","NEHA RATHORE","NEHA RATHORE","Madhya Pradesh","Bhopal"
"2159","AGNICHARCHA TIMES","MPHIN/26/A2996","30-04-2026","Hindi","Monthly","NEHA RATHORE","NEHA RATHORE","Madhya Pradesh","Bhopal"
"2160","AGNIDHARMA","MPHIN/2020/83706","05-04-2023","Hindi","Weekly","ASHISH JAIN","ASHISH JAIN","Madhya Pradesh","Indore"
"2161","AGNIDHRUVAM","APTEL/2023/90135","13-11-2024","TELUGU","Daily","POTHAMSETTI  RAMALAKSHMI","POTHAMSETTI  RAMALAKSHMI","Andhra Pradesh","Kakinada"
"2162","AGNIDIVYA","MAHMAR/1999/03241","11-04-2001","Marathi","Weekly","AJIT BAPUSAHAB PANSARE","AJIT PASARA","Maharashtra","Pune"
"2163","AGNIGAMI","UPHIN/2005/16108","03-05-2012","Hindi","Weekly","SHIV KUMAR SHARMA","SHIV KUMAR SHARMA","Uttar Pradesh","Muzaffarnagar"
"2164","Agnijwala  Amaravathi","APTEL/26/A5627","01-07-2026","Telugu","Daily","Kesavarapu Venkateswara Rao","Kesavarapu Venkateswara Rao","Andhra Pradesh","Krishna"
"2165","AGNIKAAN","MPHIN/2012/44378","30-07-2012","Hindi","Monthly","SUNIL VERMA","SUNIL VERMA","Madhya Pradesh","Bhopal"
"2166","AGNIKALAM","TNTAM/2021/89616","14-10-2024","TAMIL","Monthly","SIVASUBRAMANIAN. B","SIVASUBRAMANIAN.B","Tamil Nadu","Madurai"
"2167","AGNIKANAM","TELTEL/2021/83459","28-02-2023","Telugu","Monthly","KALUKURI RAJU","KALUKURI RAJU","Telangana","Hyderabad"
"2168","AGNIMITRA","MPHIN/2010/35069","04-01-2011","Hindi","Monthly","ARVIND SHARMA","ARVIND SHARMA","Madhya Pradesh","Bhopal"
"2169","AGNIPANKHA","MAHMAR/2015/63994","01-09-2015","Marathi","Weekly","FATUBHAI RAHIMAN MULANI","FATUBHAI RAHIMAN MULANI","Maharashtra","Pune"
"2170","AGNIPATH","62859","05-07-2012","Hindi","Daily","PREM SINGH BAGDUWAL","ARJUN SINGH CHANDEL","Madhya Pradesh","Bhopal"
"2171","AGNIPATH","GUJGUJ/2000/01951","28-06-2011","Gujarati","Weekly","HARISH RANA","HARISH RANA","Gujarat","Gandhinagar"
"2172","AGNIPATH","GUJGUJ/2014/58245","16-01-2015","Gujarati","Fortnightly","HARISH RANA","HARISH RANA","Gujarat","Gandhinagar"
"2173","AGNIPATH 24 SAMACHAR","MPHIN/2015/71807","19-05-2017","Hindi","Weekly","SADIQ KHAN","SADIQ KHAN","Madhya Pradesh","Indore"
"2174","AGNIPRALAY","MAHMAR/2010/35179","10-01-2011","Marathi","Weekly","DILIP SHANTARAM JOSHI","DILIP SHANTARAM JOSHI","Maharashtra","Dhule"
"2175","AGNIRATH","WBBEN/2000/02086","23-09-2000","Bengali","Fortnightly","MALA GHOSH SEN SARMA","MALA GHOSH SEN SARMA","West Bengal","Purba Bardhaman"
"2176","AGNIROOPA","ODIMUL/2021/81299","05-04-2022","English, Oriya, Hindi","Monthly","ARUN KUMAR PRADHAN","ARUN KUMAR PRADHAN","Odisha","Anugul"
"2177","AGNISAGAR","MPHIN/2022/89903","28-10-2024","HINDI","Weekly","MANISH KUMAR MARU","MANISH KUMAR MARU","Madhya Pradesh","Agar Malwa"
"2178","AGNISHIKHA","ASSASS/2014/59903","30-01-2015","Assamese","Weekly","SWAPNALI UZIR DEKA","SWAPNALI UZIR DEKA","Assam","Kamrup Metropolitan"
"2179","AGNISHIKHA EVAM PURODHA","PONHIN/2023/88119","29-07-2024","HINDI","Monthly","PRADEEP NARANG","SRI AUROBINDO SOCIETY","Puducherry","Puducherry"
"2180","AGNISHILA","MAHHIN/2004/14843","22-06-2005","Hindi","Monthly","ANIL VEDVYAS GALGALI","ANIL VEDVYAS GALGALI","Maharashtra","Mumbai"
"2181","AGNITEJ","MPHIN/2021/80127","31-08-2021","Hindi","Weekly","RAVI SHAKYA","RAVI SHAKYA","Madhya Pradesh","Gwalior"
"2182","AGNIVARSHA","APTEL/2009/27932","04-06-2009","Telugu","Daily","ESWARA RAO NAGESWARA","ESWARA RAO NAGESWARA","Andhra Pradesh","Srikakulam"
"2183","AGNIVARSHA","MPHIN/2019/87148","02-05-2024","Hindi","Weekly","MUKESH KUMAR KACHER","MUKESH KUMAR KACHER","Madhya Pradesh","Jabalpur"
"2184","AGNIVARSHA","APTEL/2006/16432","17-04-2006","Telugu","Monthly","ESWARA RAO NAGESWARA","ESWARA RAO NAGESWARA","Andhra Pradesh","Srikakulam"
"2185","AGNIVARSHA","RJHIN/26/A4667","04-06-2026","Hindi","Monthly","Mukesh Kumar Kacher","Mukesh Kumar Kacher","Rajasthan","Sikar"
"2186","AGNIVARSHA","MPHIN/2020/86971","24-04-2024","Hindi","Daily","MUKESH KUMAR KACHER","MUKESH KUMAR KACHER","Madhya Pradesh","Jabalpur"
"2187","AGNIVARSHA","UPHIN/25/A3821","10-11-2025","Hindi","Monthly","Mukesh Kumar Kacher","Mukesh Kumar Kacher","Uttar Pradesh","Lucknow"
"2188","AGNIVARSHA","MPHIN/2019/78320","31-12-2019","Hindi","Daily","MUKESH KUMAR KACHER","MUKESH KUMAR KACHER","Madhya Pradesh","Bhopal"
"2189","AGNIVARSHA","MPHIN/2017/76149","03-10-2018","Hindi","Monthly","MUKESH KUMAR KACHER","MUKESH KUMAR KACHER","Madhya Pradesh","Bhopal"
"2190","AGNIYUG TIMES","MPHIN/2017/72297","20-06-2017","Hindi","Monthly","PAWAN SINGH","PAWAN SINGH","Madhya Pradesh","Bhopal"
"2191","AGNIZEP","MAHMAR/2012/60192","12-02-2015","Marathi","Weekly","VIJAY KISANRAO GAIKWAD","VIJAY KISANRAO GAIKWAD","Maharashtra","Amravati"
"2192","AGONA SANDESH","40147","26-11-1993","Hindi","Weekly","SANDEEP SHUKLA","SANDEEP SHUKLA","Uttar Pradesh","Basti"
"2193","AGOPA NEWS","APENG/1999/0113","19-01-2000","English","Monthly","D. CHRISTOPHER SATYARAJ","ACCOUNTANTS GENERAL OFFICES PENSIONERS ASSOCIATION","Telangana","Hyderabad"
"2194","AGPE THE ROYAL GONDWANA RESEARCH JOURNAL OF HISTORY,SCIENCE, ECONOMIC, POLITICAL AND SOCIAL SCIENCE","MAHMUL/2019/78986","22-10-2020","English","Annual","GONDRAJE DR. BIRSHAH ATRAM","ADIVASI GONDWANA BHASHA PRACHAR BAHUUDHESHIYA SHIKSHAN SANSTHA TIPAGAD WARORA","Maharashtra","Chandrapur"
"2195","AGR MANCH","TELHIN/2014/58386","19-11-2014","Hindi","Monthly","DILIP KUMAR PANSARI","DILIP KUMAR PANSARI","Telangana","Hyderabad"
"2196","AGR SANDESH","DELBIL/2014/57331","18-09-2014","English, HINDI","Monthly","ISHWAR DAYAL MITTAL","DELHI PRADESHIK AGARWAL SAMMELAN","Delhi","New Delhi"
"2197","AGR SATTA","MPHIN/2009/30893","20-04-2010","Hindi","Monthly","VIVEK AGRAWAL","VIVEK AGRAWAL","Madhya Pradesh","Bhopal"
"2198","AGR SOCH","MPHIN/2015/66018","06-02-2016","Hindi","Weekly","ASHISH GUPTA","ASHISH GUPTA","Madhya Pradesh","Sehore"
"2199","AGR SOCH","MPHIN/2017/72420","29-06-2017","Hindi","Daily","ASHISH GUPTA","ASHISH GUPTA","Madhya Pradesh","Sehore"
"2200","AGR YUVA DARSHAN","49801","22-02-1990","Marathi, Hindi","Fortnightly","SAGAR RAMESHWAR MODI","SAGAR RAMESHWAR MODI","Maharashtra","Buldhana"
"2201","AGRA BHARAT","RAJHIN/2012/48594","14-03-2013","Hindi","Daily","DHARMENDRA SINGH","DHARMENDRA SINGH","Rajasthan","Bharatpur"
"2202","AGRA BHARAT","UPHIN/2007/21286","27-09-2007","Hindi","Daily","DHARMENDRA SINGH","DHARMENDRA SINGH","Uttar Pradesh","Agra"
"2203","AGRA DUNIYA","MAHMUL/2017/71040","30-03-2017","English, Marathi, Hindi","Weekly","MANOUJ AGARWAAL","RAJESH AGARWAL","Maharashtra","Pune"
"2204","AGRA GUJARAT","GUJGUJ/2023/85349","11-09-2023","Gujarati","Daily","ARPIT RAMESHBHAI VASOYA","PARAM DAILY NEWS AND MEDIA PRIVATE LIMITED","Gujarat","Rajkot"
"2205","AGRA JYOTI","RAJHIN/2004/14119","11-03-2005","Hindi","Fortnightly","MUKESH BANSAL","MUKESH BANSAL","Rajasthan","Jaipur"
"2206","AGRA KHOJ TODAY","DELHIN/2014/54605","08-07-2014","Hindi","Bimonthly (Once in two months)","MEENAKSHI GOYAL","MEENAKSHI GOYAL","Delhi","New Delhi"
"2207","AGRA MANGAL PATRIKA","DELBIL/2016/68569","06-09-2016","English, HINDI","Monthly","SANJAY GOYAL","SANJAY GOYAL","Delhi","New Delhi"
"2208","AGRA NETHA","TELTEL/2015/66279","03-03-2016","Telugu","Daily","UPPUGALLA SANTHOSH KUMAR","UPPUGALLA SANTOSH KUMAR","Telangana","Rangareddy"
"2209","AGRA NETHA","APTEL/2014/58043","31-10-2014","Telugu","Weekly","UPPUGALLA SANTHOSH KUMAR","UPPUGALLA SANTOSH KUMAR","Telangana","Rangareddy"
"2210","AGRA SAMAJ PATRIKA","RAJHIN/2008/25292","25-08-2008","Hindi","Quarterly","SANJEEV KUMAR BANSAL","SANJEEV KUMAR BANSAL","Rajasthan","Hanumangarh"
"2211","AGRA SANSAR","MPHIN/2010/34079","21-10-2010","Hindi","Monthly","RAKESH KUMAR AGGARWAL","RAKESH KUMAR AGGARWAL","Madhya Pradesh","Gwalior"
"2212","AGRA SHINE","UPHIN/2015/66353","04-03-2016","Hindi","Weekly","MOHD BURHAN SHAKEEL","MOHD BURHAN SHAKEEL","Uttar Pradesh","Agra"
"2213","AGRA TIMES","UPENG/2015/63397","22-07-2015","English","Daily","DHANUSH VIR SINGH","BENNETT, COLEMAN & CO.LTD","Uttar Pradesh","Lucknow"
"2214","AGRA VETERINARY JOURNAL","UPENG/2014/60209","16-02-2015","English","Annual","DR. HARI SHANKAR OJHA","AGRA VETERINARY CLUB","Uttar Pradesh","Agra"
"2215","AGRADOOT","13957","10-05-1967","Marathi","Weekly","P. B. BHILWADE","P. B. BHILWADE","Maharashtra","Sangli"
"2216","AGRADOOT","47702","14-08-1989","Hindi","Daily","VISHNU SINHA","VISHNU SINHA","Madhya Pradesh","Jabalpur"
"2217","AGRADOOT","50212","06-04-1990","Hindi","Daily","VISHNU SINHA","VISHNU SINHA","Chhattisgarh","Bilaspur"
"2218","AGRADOOT","1527","04-03-1957","Hindi","Daily","VISHNU SINHA","VISHNU SINHA","Chhattisgarh","Raipur"
"2219","AGRADOOT PASEKIA","18591","14-03-1972","Assamese","Weekly","KHAGEN SARMA","BHANUSHREE SEN DEKA","Assam","Darrang"
"2220","AGRAGAMI","37837","05-10-1982","Telugu","Weekly","KANNA PARUSHU RAMULU","KANNA PARUSHU RAMULU","Telangana","Warangal"
"2221","AGRAGAMI SANDESH","RAJHIN/2011/43653","30-06-2012","Hindi","Weekly","HIRA CHAND JAIN","HIRA CHAND JAIN","Rajasthan","Jaipur"
"2222","AGRAGANYA","MAHMAR/2017/72626","25-07-2017","Marathi","Weekly","SOU. VIJAYMALA SANJAY PATIL","VIJAYMALA SANJAY PATIL","Maharashtra","Sangli"
"2223","AGRAGYAN","68532","30-12-2013","Hindi","Weekly","UMA SHANKAR VERMA","UMA SHANKAR VERMA","Madhya Pradesh","Bhopal"
"2224","AGRAHARI SAMAJ","12584","30-09-2013","Hindi","Monthly","DAYARAM GUPTA","AGRAHARI SAMAJ","Delhi","New Delhi"
"2225","AGRAHARI SAMAJ","UPHIN/2019/78529","09-03-2020","Hindi","Monthly","MANIK CHANDRA","AGRAHARI SAMAJ","Uttar Pradesh","Prayagraj"
"2226","AGRALEKH","MAHMAR/2021/81361","11-04-2022","Marathi","Daily","UMESH MARUTI BHERE","UMESH MARUTI BHERE","Maharashtra","Thane"
"2227","AGRANEE VARTA","MAHMAR/2012/45609","08-10-2012","Marathi","Daily","YOGESH VITTHALASA TURERAO","YOGESH VITTHALASA TURERAO","Maharashtra","Solapur"
"2228","AGRANI INDIA","RAJBIL/2007/20539","09-11-2017","HINDI","Fortnightly","AASTHA MATHUR","AASTHA MATHUR","Rajasthan","Jaipur"
"2229","AGRANI ODISHA","ODIODI/2020/79056","09-11-2020","Oriya","Weekly","AJIT KUMAR DAS","AJIT KUMAR DAS","Odisha","Khordha"
"2230","AGRANI SHIVAR","MHMAR/25/A4390","27-11-2025","Marathi","Monthly","MAHESH YASHWANT KHARADE","MAHESH YASHWANT KHARADE","Maharashtra","Sangli"
"2231","AGRANI TIMES","MPHIN/2016/69939","16-01-2017","Hindi","Monthly","LALIT KUMAR CHOKIKAR","LALIT KUMAR CHOKIKAR","Madhya Pradesh","Bhopal"
"2232","AGRARIAN SOUTH: JOURNAL OF POLITICAL ECONOMY","DELENG/2012/44720","16-08-2012","English","Thrice In a Year","VIVEK MEHRA","CENTER FOR AGRARIAN RESEARCH AND EDUCATION FOR SOUTH ( CARES)","Delhi","New Delhi"
"2233","AGRARIANS MOVE","UABIL/25/A1486","01-07-2025","English, Hindi","Fortnightly","Yogesh Kumar","Yogesh Kumar","Uttarakhand","Udham Singh Nagar"
"2234","AGRARIANS STAR","UAMUL/25/A1660","04-07-2025","Punjabi, Hindi, English","Quarterly","Harpal singh","Harpal singh","Uttarakhand","Dehradun"
"2235","AGRASAR BHARAT","UPHIN/2023/90314","09-12-2024","HINDI","Weekly","JITENDRA KUMAR","JITENDRA KUMAR","Uttar Pradesh","Kanpur Nagar"
"2236","AGRASEEN PUSHPANJALI","17266","18-06-1969","Hindi","Monthly","NARENDRA KUMAR AGRAWAL","NARENDRA KUMAR AGRAWAL","Madhya Pradesh","Indore"
"2237","AGRASEN SHAKTI","70307","23-03-1999","Hindi","Fortnightly","BHAGWATI DEVI","BHAGWATI DEVI","Rajasthan","Jaipur"
"2238","AGRASEN TIMES","MAHMAR/2015/65768","22-01-2016","Marathi","Weekly","ARUN KUMAR SOMNATH MUNDADA","ARUN KUMAR SOMNATH MUNDADA","Maharashtra","Chhatrapati Sambhaji Nagar"
"2239","AGRASEN VANDNA","UPHIN/2022/83441","27-02-2023","Hindi","Monthly","SAROJ","SAROJ","Uttar Pradesh","Muzaffarnagar"
"2240","AGRASENDARPAN","MPHIN/2012/45675","12-10-2012","Hindi","Weekly","CHANDRA PRAKASH GUPTA","CHANDRA PRAKASH GUPTA","Madhya Pradesh","Indore"
"2241","AGRASHRENI","APTEL/2008/29378","05-11-2009","Telugu","Daily","SOYINENI RAJ KUMAR","SOYINENI RAJ KUMAR","Andhra Pradesh","Karimnagar"
"2242","AGRASHRENI","APTEL/2007/22492","09-01-2008","Telugu","Fortnightly","S. RAJ KUMAR","SOYINENI RAJ KUMAR","Andhra Pradesh","Karimnagar"
"2243","AGRAVANSH","MPHIN/2021/85566","18-10-2023","Hindi","Daily","SATYAM AGRAWAL","SATYAM AGRAWAL","Madhya Pradesh","Gwalior"
"2244","AGRAVANSHI EKTA","RAJHIN/2017/73739","07-11-2017","Hindi","Weekly","SUBHASH CHAND AGARWAL","SUBHASH CHAND AGARWAL","Rajasthan","Jaipur"
"2245","AGRAWAL CHETNA","MPHIN/2006/18322","10-01-2007","Hindi","Quarterly","D.P.GOYAL","D.P.GOYAL","Madhya Pradesh","Bhopal"
"2246","AGRAWAL TIMES","DELHIN/2001/05448","01-10-2001","Hindi","Fortnightly","NANAKCHAND JAIN","NANAKCHAND JAIN","Delhi","New Delhi"
"2247","AGRAWAL TODAY","UPBIL/2002/08378","28-11-2002","English, HINDI","Monthly","MANJU AGARWAL","AGRASEN DARBAR SEVA SAMITI","Uttar Pradesh","Agra"
"2248","AGRAWAL VAISHY PARINAY SETU","MPHIN/2015/64929","27-11-2015","Hindi","Monthly","MADANLAL AGRAWAL","MADANLAL AGRAWAL","Madhya Pradesh","Indore"
"2249","AGRESAR BHARAT","GUJGUJ/2023/87286","14-05-2024","Gujarati","Daily","PARAKRAMSINH RAJENDRASINH GOHIL","PARAKRAMSINH RAJENDRASINH GOHIL","Gujarat","Rajkot"
"2250","AGRESHIT DUNIYA","MPHIN/2021/82735","17-11-2022","Hindi","Monthly","RACHANA SEN","RACHANA SEN","Madhya Pradesh","Bhopal"
"2251","AGRI BHARAT SAMACHAR","MPHIN/2016/75102","09-05-2018","Hindi","Weekly","MOHD. AMEEN","MOHD AMEEN","Madhya Pradesh","Indore"
"2252","AGRI BUSINESS","TNTAM/2016/70138","27-01-2017","Tamil","Monthly","S.A. ARUL","S.A.ARUL","Tamil Nadu","Madurai"
"2253","AGRI CLINIC","APTEL/2010/34567","02-12-2010","Telugu","Monthly","YELURI SAMBA SIVA RAO","SAMBA SIVA RAO. YELURI","Andhra Pradesh","Hyderabad"
"2254","AGRI COMMODITY TIMES","HARBIL/2023/88292","31-07-2024","BILINGUAL","Quarterly","NAGENDER SINGH","NAGENDER SINGH","Haryana","Sonipat"
"2255","AGRI DOCTOR","TNTAM/2012/49602","05-03-2014","Tamil","Daily","M.J. VASUDEVAN","M.J. VASUDEVAN","Tamil Nadu","Madurai"
"2256","AGRI FOOD BAZAR","DLBIL/26/A1331","19-02-2026","English, Hindi","Monthly","Sanjay Kumar Ranjan","Sanjay Kumar Ranjan","Delhi","New Delhi"
"2257","AGRI INDUS","MAHMAR/2020/79431","17-02-2021","Marathi","Weekly","SHILPA SURENDRA RAMTEKE","SHILPA SURENDRA RAMTEKE","Maharashtra","Wardha"
"2258","Agri Insight","CTBIL/26/A6929","14-08-2026","English, Hindi","Monthly","RAVENDRA TRIPATHI","RAVENDRA TRIPATHI","Chhattisgarh","Raipur"
"2259","AGRI MECH","HARENG/2015/67168","03-06-2016","English","Monthly","SYED KHAMIS ALI","SYED KHAMIS ALI","Haryana","Karnal"
"2260","Agri Pulse Patrikaa","UPBIL/26/A1852","23-03-2026","Hindi, English","Monthly","SANDEEP KUMAR SHARMA","SANDEEP KUMAR SHARMA","Uttar Pradesh","Moradabad"
"2261","AGRI TRADE MEDIA","MAHMUL/2018/77896","22-08-2019","English, Hindi, Gujarati, Marathi","Monthly","SAHIL SANJAY NYAHARKAR","MEDIA EXHIBITORS PRIVATE LIMITED","Maharashtra","Nashik"
"2262","AGRICULTURAL ENGINEERING TODAY","28688","28-09-1976","English","Bimonthly (Once in two months)","AMARJIT SINGH DEEPAK","INDIAN SOCIETY OF AGRICULTURAL ENGINEERS, DELHI","Delhi","New Delhi"
"2263","Agricultural Innovation","RJENG/25/A4148","20-11-2025","English","Fortnightly","Shri Rakesh","Shri Rakesh","Rajasthan","Bikaner"
"2264","AGRICULTURAL SPECTRUM","DELENG/2010/31305","09-03-2010","English","Monthly","VISHAL RAWAT","VISHAL RAWAT","Delhi","New Delhi"
"2265","AGRICULTURE & INDUSTRY SURVEY","50352","17-01-1990","English","Monthly","SHENBI","VADAMALAI MEDIA (P) LTD.","Karnataka","Bengaluru"
"2266","AGRICULTURE AND FARMER","DELENG/2001/03835","04-06-2001","English","Monthly","RAM SAKAL TIWARI","CHANDRA JYOTI PRAKASHAN PVT LTD.","Delhi","New Delhi"
"2267","AGRICULTURE PRODUCTS NEWS","PUNENG/2011/39996","14-12-2011","English","Monthly","KARAMJIT SINGH","KARAMJIT SINGH","Punjab","Ludhiana"
"2268","AGRICULTURE TIMES","RAJHIN/2011/40401","14-07-2014","Hindi","Fortnightly","VIKAS SUBHASHCHANDRA VYAS","VIKAS SUBHASH CHANDRAVYAS","Rajasthan","Jaipur"
"2269","AGRICULTURE UPDATE","UPENG/2006/16372","03-04-2006","English","Quarterly","R.K.SINGH","R.K.SINGH","Uttar Pradesh","Muzaffarnagar"
"2270","Agriculture Vision","UPENG/26/A4863","09-06-2026","English","Bimonthly (Once in two months)","Prem Pal Singh","Prem Pal Singh","Uttar Pradesh","Ghaziabad"
"2271","AGRICULTURE WORLD","CHHHIN/2012/42451","25-05-2012","HINDI","Monthly","DURGESH SHARMA","DURGESH SHARMA","Chhattisgarh","Korba"
"2272","AGRICULTURE WORLD","MPHIN/2012/43012","19-06-2012","Hindi","Bimonthly (Once in two months)","DURGESH SHARMA","DURGESH SHARMA","Madhya Pradesh","Bhopal"
"2273","AGRICULTURE WORLD","DELENG/2015/65174","09-12-2015","English","Monthly","M.C. DOMINIC","M.C.DOMINIC","Delhi","New Delhi"
"2274","AGRIM PANKTI","57879","04-03-1994","Hindi","Fortnightly","OM PRAKASH ARYA","OM PRAKASH ARYA","Rajasthan","Ganganagar"
"2275","AGRIM PRADESH","MPHIN/2010/31821","06-04-2010","Hindi","Weekly","DEEPAK CHOUCKSEY","DEEPAK CHOUCKSEY","Madhya Pradesh","Bhopal"
"2276","AGRIM TIMES","57481","27-01-1993","Hindi","Weekly","ROHTASH KUMAR","ROHTASH KUMAR","Uttar Pradesh","Meerut"
"2277","AGRIM UPBHOKTA","RAJHIN/2000/00847","17-04-2000","Hindi","Monthly","SANJAY ARYA","UPBHOKTA SANRAKSHAN SAMITI","Rajasthan","Hanumangarh"
"2278","AGRO HALCHAL","UPHIN/2016/70489","27-02-2017","Hindi","Monthly","KUNWAR KHURSHEED ALAM","KUNWAR KHURSHEED ALAM","Uttar Pradesh","Hapur"
"2279","AGRO HEADLINE","MAHMAR/2024/90560","24-03-2025","MARATHI","Weekly","SANJAY SHRIKRISHNARAO DESAI","SANJAY SHRIKRISHNARAO DESAI","Maharashtra","Wardha"
"2280","AGRO INDIA","MPHIN/2013/52199","24-09-2013","Hindi","Monthly","RAMSWAROOP MANTRI","RAM SWAROOP MANTRI","Madhya Pradesh","Indore"
"2281","AGRO MANTHAN","RAJHIN/2015/67458","10-06-2016","Hindi","Fortnightly","BHAWANI TIWADI","BHAWANI TIWADI","Rajasthan","Hanumangarh"
"2282","AGRO MARG","MAHMAR/2015/63844","18-08-2015","Marathi","Quarterly","DHAMMANAND BALIRAM INGLE","DHAMMANAND BALIRAM INGLE","Maharashtra","Chhatrapati Sambhaji Nagar"
"2283","AGRO POST","CHHHIN/2018/75802","06-08-2018","Hindi","Monthly","LAXMAN YADAV","LAXMAN YADAV","Chhattisgarh","Raipur"
"2284","AGRO SANDESH","GUJGUJ/2011/38395","29-07-2011","Gujarati","Weekly","DHAVAL PANDYA","THE SANDESH LIMITED","Gujarat","Ahmedabad"
"2285","AGRO SCIENCE","MAHMAR/2021/86271","01-02-2024","Marathi","Weekly","CHAITALI VINOD INGOLE","CHAITALI VINOD INGOLE","Maharashtra","Akola"
"2286","AGRO TIMES","MAHMAR/2014/57811","17-10-2014","Marathi","Fortnightly","VIJAY MAHADEO WARFADE","VIJAY MAHADEO WARFADE","Maharashtra","Nagpur"
"2287","AGRO WORLD FARM","MAHMAR/2018/75652","26-06-2018","MARATHI","Monthly","SHAILENDRA SURESH CHAVAN","SHAILENDRA SURESH CHAVAN","Maharashtra","Jalgaon"
"2288","AGROBIOS NEWSLETTER","RAJENG/2002/08649","26-12-2002","English","Monthly","UPDESH PUROHIT","UPDESH PUROHIT","Rajasthan","Jodhpur"
"2289","AGROLOOK","DELENG/2000/01758","01-09-2000","English","Quarterly","G. KRISHNAMURTHY","G. KRISHNAMURTHY","Delhi","New Delhi"
"2290","AgroSpectrum","MHENG/25/A5395","30-12-2025","English","Monthly","Ravindra Vidyadhar Boratkar","MM Activ Sci Tech Communications Pvt Ltd.","Maharashtra","Pune"
"2291","AGROTOUCH","MAHMAR/2019/78375","10-01-2020","Marathi","Monthly","BHARATI PATIL","AGROTOUCH AGRICULTURE SERVICES LLP","Maharashtra","Pune"
"2292","AGROWON","MAHMAR/2005/14922","11-07-2005","Marathi","Daily","ADINATH DATTATRY CHAVAN","SAKAL MEDIA PVT.LTD.","Maharashtra","Pune"
"2293","AGROXY FASAL KRANTI","DELPUN/2019/77952","03-09-2019","Punjabi","Monthly","RAJBIR SINGH","AGROXY CROPS SOLUTIONS PVT. LTD.","Delhi","New Delhi"
"2294","AGROXY FASAL KRANTI","DELGUJ/2019/88721","27-08-2024","GUJARATI","Monthly","RAJBIR SINGH","AGROXY CROPS SOLUTIONS PVT. LTD.","Delhi","New Delhi"
"2295","AGROXY FASAL KRANTI","DELHIN/2014/59516","12-01-2015","Hindi","Monthly","RAJBIR SINGH","AGROXY CROPS SOLUTIONS PRIVATE LIMITED","Delhi","New Delhi"
"2296","AGS TIMES","HARBIL/2016/66891","09-05-2016","English, HINDI","Daily","GAURAV SHARMA","GAURAV SHARMA","Haryana","Faridabad"
"2297","AGUAA","CHHCHH/2017/73429","29-09-2017","Chhattisgarhi","Monthly","NARENDRA SINGH NAYAK","NARENDRA SINGH NAYAK","Chhattisgarh","Raipur"
"2298","AGUAN UDOYER POTHE","WBBEN/26/A4435","01-06-2026","Bengali","Bi-Annual","Akikul Islam","Akikul Islam","West Bengal","Kolkata"
"2299","AGUSTY SHILPI","MPHIN/2021/81272","25-03-2022","Hindi","Quarterly","SUNITA YADAV","DEEPAK PRASAD","Madhya Pradesh","Bhopal"
"2300","AGYAT DARSHAN","31262","14-10-1977","Hindi","Monthly","PANDIT RAMESH DWIVEDI","RAMESH DWIVEDI","Rajasthan","Jodhpur"
"2301","Agyat Khabar","CTHIN/25/A4934","09-12-2025","Hindi","Weekly","surendra kumar pandey","surendra kumar pandey","Chhattisgarh","Raigarh"
"2302","AGYAT SHATRU","61492","07-02-1995","Hindi","Quarterly","SMT. VIMLA DEVI","SMT. VIMLA DEVI","Uttar Pradesh","Basti"
"2303","AHA INDIA","RAJHIN/2010/36747","24-12-2013","Hindi","Fortnightly","MAHENDRA CHAUDHARY","MAHENDRA CHAUDHARY","Rajasthan","Jaipur"
"2304","AHA ZINDAGI","RAJHIN/2004/13288","17-10-2004","Hindi","Monthly","SUDHIR AGGARWAL","SUDHIR AGGARWAL","Rajasthan","Jaipur"
"2305","AHAM AWAM WAYAM","MAHMUL/2013/53138","19-11-2013","English, Hindi, Gujarati, Marathi","Annual","SHRIKANT SHANKAR BAPAT","LABINDIA ANALYTICAL INSTRUMENTS PVT. LTD.","Maharashtra","Thane"
"2306","AHAM AWAZ","CHHHIN/2015/74920","23-02-2018","Hindi","Monthly","NAIM AHMED","NAIM AHMED","Chhattisgarh","Raipur"
"2307","AHAM KADAM","RJHIN/25/A1786","09-07-2025","Hindi","Fortnightly","Devendra Sharma","Devendra Sharma","Rajasthan","Rajsamand"
"2308","AHAM KHABAR","MPHIN/2022/84811","08-06-2023","Hindi","Quarterly","SHAKIR SHAIKH","SHANKAR SINGH DEWADA","Madhya Pradesh","Ujjain"
"2309","AHAM SATTA","UPHIN/2021/86326","06-02-2024","Hindi","Weekly","SHAKEEL AHMAD","SHAKEEL AHMAD","Uttar Pradesh","Ghaziabad"
"2310","AHAM SUTR","RAJHIN/2014/58750","08-12-2014","Hindi","Weekly","ANAND KISHORE SHARMA","ANAND KISHORE SHARMA","Rajasthan","Jaipur"
"2311","AHAR CONNECT","MAHENG/2013/60096","06-02-2015","English","Monthly","SHASHIKANT SHETTY","INDIAN HOTEL & RESTAURANT ASSOCIATION","Maharashtra","Mumbai"
"2312","AHAR HOSPITALITY","MAHENG/2013/60129","09-02-2015","English","Quarterly","SHASHIKANT SHETTY","INDIAN HOTEL & RESTAURANT ASSOCIATION","Maharashtra","Mumbai"
"2313","AHARBAL POST","JKBIL/2020/80985","01-02-2022","BILINGUAL","Monthly","ZUBAIR FAROOQ RATHER","ZUBAIR FAROOQ RATHER","Jammu and Kashmir","Kulgam"
"2314","AHARNISH","46988","24-11-1988","English","Weekly","SHIORAJ CHAMPALAL MUNOT","SHIORAJ CHAMPALAL MUNOT","Maharashtra","Amravati"
"2315","AHASHAS-E-WATAN","67472","01-01-1997","Urdu","Weekly","ABDUL LATIF","ABDUL LATIF","Uttar Pradesh","Kanpur Nagar"
"2316","AHDE E NOUW","UPURD/2015/62784","22-06-2015","Urdu","Weekly","MOHD. FAROOK KHAN","MOHD. FAROOK KHAN","Uttar Pradesh","Gonda"
"2317","AHDE E NOUW","UPURD/2013/49454","03-05-2013","URDU","Daily","MOHD FAROOQ KHAN","MOHD FAROOK KHAN","Uttar Pradesh","Bahraich"
"2318","AHDE E NOUW","UPURD/2010/33970","13-10-2010","Urdu","Daily","MOHD. FAROOK KHAN","MOHD. FAROOK KHAN","Uttar Pradesh","Gonda"
"2319","AHEAD","DELENG/2002/7160","10-07-2002","English","Monthly","DINESH SHARMA","DINESH SHARMA","Delhi","New Delhi"
"2320","AHEM ITELLA","MAHURD/2013/53496","11-12-2013","Urdu","Daily","SYED OSMAN RASHEED","SYED OSMAN RASHEED","Maharashtra","Mumbai"
"2321","AHEM ITELLA","WBURD/2016/72028","31-05-2017","Urdu","Daily","SYED OSMAN RASHEED","SYED OSMAN RASHEED","West Bengal","Kolkata"
"2322","AHEM ITELLA","APURD/2015/63927","27-08-2015","Urdu","Daily","SYED OSMAN RASHEED","SYED OSMAN RASHEED","Andhra Pradesh","N T R"
"2323","AHEM ITELLA","61410","22-05-1995","Urdu","Fortnightly","SYED OSMAN RASHEED","SYED OSMAN RASHEED","Andhra Pradesh","Hyderabad"
"2324","AHEM ITELLA","TELURD/2006/16495","25-04-2006","Urdu","Daily","SYED OSMAN RASHEED","SYED OSMAN RASHEED","Telangana","Hyderabad"
"2325","AHEM KHABRE","UPURD/2022/84497","26-05-2023","Urdu","Daily","SIMRAN GUPTA","SHIVENDRA PANDEY","Uttar Pradesh","Lucknow"
"2326","AHERIYA TIMES","UTTHIN/2002/06950","24-06-2002","Hindi","Fortnightly","JAYPAL SINGH AHERIYA","JAYPAL SINGH AHERIYA","Uttarakhand","Udham Singh Nagar"
"2327","AHEWAL","GUJGUJ/2000/04487","28-07-2001","Gujarati","Weekly","PARMAR HIMAT BACHUBHAI","HIMAT BACHU PARMAR","Gujarat","Rajkot"
"2328","AHILYA DEVI SANDESH","MAHMAR/2007/27938","08-06-2009","Marathi","Monthly","ROHIDAS HIRALAL HAKE","ROHIDAS HIRALAL HAKE","Maharashtra","Dhule"
"2329","AHILYA EXPRESS","MPHIN/2003/12694","09-06-2004","Hindi","Monthly","REWASHANKAR PATHAK","REWASHANKAR PATHAK","Madhya Pradesh","Indore"
"2330","AHILYA KA NAGAR","45169","25-07-1988","Hindi","Weekly","M.S. KHUSHWAH","M.S. KHUSHWAH","Madhya Pradesh","Indore"
"2331","AHILYA KIRAN","MAHMAR/2015/61226","13-04-2015","Marathi","Weekly","KALYANI SUJEET WAGHMODE","KALYANI SUJEET WAGHMODE","Maharashtra","Pune"
"2332","AHILYA RAAJ","MAHBIL/2021/84313","16-05-2023","Marathi, Hindi","Daily","SHITAL VASANT KOLTE","SHITAL VASANT KOLTE","Maharashtra","Buldhana"
"2333","AHILYA TIMES","MAHMAR/2015/61518","24-04-2015","Marathi","Weekly","SONVALKAR RAJENDRA MANOHAR","SONVALKAR RAJENDRA MANOHAR","Maharashtra","Pune"
"2334","AHILYA VANI","38218","12-12-2005","Hindi","Weekly","ANMOL TIWARI","KASTURI TIWARI","Madhya Pradesh","Indore"
"2335","AHILYA VICHAR","MAHMAR/2009/37981","23-06-2011","Marathi","Weekly","ANUSHAYA MAHADEO LAMBHADE","ANUSHAYA MAHADEO LAMBHADE","Maharashtra","Washim"
"2336","AHINDA BANDHU","KARKAN/2015/64964","01-12-2015","KANNADA","Fortnightly","B. KUMARASWAMY","B. KUMARASWAMY","Karnataka","Bengaluru"
"2337","AHINDA MITRA","KARKAN/2014/58558","27-11-2014","Kannada","Fortnightly","K. B. DHANANJAYA MURTHY","K. B. DHANANJAYA MURTHY","Karnataka","Bengaluru"
"2338","AHINDA PATRIKE","KARKAN/2022/81537","09-06-2022","Kannada","Daily","V.M. MANJUNATHA","V M MANJUNATHA","Karnataka","Kolar"
"2339","AHINDA SAMACHAR","KARKAN/2014/60231","16-02-2015","Kannada","Fortnightly","K. M. ZIKRIYA","K. M. ZIKRIYA","Karnataka","Bengaluru"
"2340","Ahinda Shakti","KNKAN/26/A0914","06-02-2026","Kannada","Daily","Prasanna T R","Prasanna T R","Karnataka","Chitradurga"
"2341","AHINDA Vani","KNKAN/26/A6164","25-07-2026","Kannada","Daily","D T Manjunatha","D T Manjunatha","Karnataka","Kolar"
"2342","AHINDI KSHETRA MAIN HINDI KA PRACHAR","48906","12-12-2005","Hindi","Fortnightly","AVINASH SHARMA","AVINASH SHARMA","Rajasthan","Jaipur"
"2343","AHINSA","3683","03-04-1953","Hindi","Fortnightly","INDRA LAL SHASTRI","INDRA LAL JAIN SHASTRI","Rajasthan","Jaipur"
"2344","AHINSA CHETNA SAMACHAR","UPHIN/2004/14386","19-04-2005","Hindi","Monthly","GIRISH MOHAN GUPTA","GIRISH MOHAN GUPTA","Uttar Pradesh","Meerut"
"2345","AHINSA EXPRESS","UPHIN/2017/76880","20-02-2019","Hindi","Weekly","ARAMAN KHAN","ARAMAN KHAN","Uttar Pradesh","Sonbhadra"
"2346","AHINSA KI TALWAR","UPHIN/2009/28958","17-09-2009","Hindi","Weekly","RANJEET KUMAR KASODHAN","RANJEET KUMAR KASODHAN","Uttar Pradesh","Siddharthnagar"
"2347","AHINSA KI VIJAY","MPHIN/2021/80236","05-10-2021","Hindi","Quarterly","MOHAMMAD AFZAL","MOHAMMAD AFZAL","Madhya Pradesh","Bhopal"
"2348","AHINSA KI VIJAY","MPHIN/2021/85543","13-10-2023","Hindi","Monthly","MOHAMMAD AFZAL","MOHAMMAD AFZAL","Madhya Pradesh","Bhopal"
"2349","AHINSA KRANTI","RAJHIN/2019/79236","05-01-2021","Hindi","Daily","MUKESH KUMAR RIKHABCHAND","MUKESH KUMAR RIKHABCHAND","Rajasthan","Jodhpur"
"2350","AHINSA KRANTI","RAJHIN/2016/71230","24-04-2017","Hindi","Fortnightly","MUKESH KUMAR RIKHABCHAND","MUKESH KUMAR RIKHABCHAND","Rajasthan","Jodhpur"
"2351","AHINSA KRANTI","RAJHIN/2021/90724","19-05-2025","Hindi","Fortnightly","MUKESH KUMAR RIKHABCHAND","MUKESH KUMAR RIKHABCHAND","Rajasthan","Barmer"
"2352","AHINSA PARMODHARAM","MPHIN/2012/42578","28-05-2012","Hindi","Monthly","MANOJ CHIRANIA","MANOJ CHIRANIA","Madhya Pradesh","Bhopal"
"2353","AHINSANJALI","HARHIN/1999/04060","29-10-1999","Hindi","Monthly","SATYA NARIAN JAIN","J.P.JAIN","Haryana","Panchkula"
"2354","AHIR GATHA","GUJGUJ/2011/37741","07-06-2011","Gujarati","Monthly","KARETHA KHODA MANSUR","KARETHA KHODA MANSUR","Gujarat","Junagadh"
"2355","AHIR SANDESH","27517","13-11-1974","Gujarati","Monthly","CHAVDA BALRAM PUNJABHAI","AHIR SAMAJ TRUST","Gujarat","Junagadh"
"2356","AHIR TIMES","GUJGUJ/2013/52649","23-10-2013","Gujarati","Weekly","Ahir Rahulkumar Harshadbhai","Ahir Rahulkumar Harshadbhai","Gujarat","Ahmedabad"
"2357","AHIRAULIDAN KI AWAJ","UPHIN/2022/83979","25-04-2023","Hindi","Daily","SANJIV KUMAR SINGH","SANJIV KUMAR SINGH","Uttar Pradesh","Kushinagar"
"2358","AHIRWAL TIMES","HRHIN/26/A1500","16-03-2026","Hindi","Weekly","Sajan Singh","Sajan Singh","Haryana","Gurugram"
"2359","AHIRWAL TIMES","51556","24-11-1993","Hindi","Daily","SAJAN SINGH","SAJAN SINGH","Haryana","Gurugram"
"2360","AHL US SUNNAH","MAHURD/2011/49433","02-05-2013","Urdu","Monthly","SAAD KHALID PATEL","SAAD KHALID PATEL","Maharashtra","Mumbai"
"2361","AHLE SIYASAT","UPURD/2015/61306","16-04-2015","Urdu","Daily","B.B. SINGH CHAUHAN","B.B. SINGH CHAUHAN","Uttar Pradesh","Lucknow"
"2362","AHLE SUBAH","JHURD/26/A2191","06-04-2026","Urdu","Daily","Prashant Sharan","Prashant Sharan","Jharkhand","Dhanbad"
"2363","AHLE SUBAH","JHAURD/2020/79028","03-11-2020","Urdu","Daily","PRASHANT SHARAN","PRASHANT SHARAN","Jharkhand","Ranchi"
"2364","AHLE ZAKHAM","34013","01-01-1980","Punjabi","Fortnightly","JOGINDER SINGH BHATIA","JOGINDER SINGH BHATIA","Punjab","Amritsar"
"2365","AHLUWALIA TODAY","PUNBIL/2014/58581","28-11-2014","English, Punjabi","Monthly","JASPREET SINGH AHLUWALIA","JASPREET SINGH AHLUWALIA","Punjab","Ludhiana"
"2366","AHMAD E MUKHTRA","MAHURD/2013/50127","04-06-2013","Urdu","Weekly","MOHAMMED AHMED MUKHTAR KHAN","MOHAMMAD AHMED MUKHTAR KHAN","Maharashtra","Thane"
"2367","AHMADPUR TIMES","MPHIN/2023/88743","29-08-2024","HINDI","Daily","MOHD SALAR GORY","MOHD SALAR GORY","Madhya Pradesh","Sehore"
"2368","AHMED TIMES","70917","18-06-1999","English, Urdu","Monthly","ANWAR ALI KHAN","ANWAR ALI KHAN","Telangana","Hyderabad"
"2369","Ahmedabad Amrut","GJGUJ/26/A2387","10-04-2026","Gujarati","Weekly","VIJAY A CHAKRAVARTI","VIJAY A CHAKRAVARTI","Gujarat","Ahmedabad"
"2370","AHMEDABAD BEAT","GUJGUJ/2013/56394","04-08-2014","Gujarati","Fortnightly","UTPAL GIRISHBHAI PATHAK","UTPAL GIRISHBHAI PATHAK","Gujarat","Ahmedabad"
"2371","AHMEDABAD BUSINESS REVIEW NEWS","GUJGUJ/2018/76426","16-11-2018","Gujarati","Weekly","NARESHKUMAR G. PRAJAPATI","NARESHKUMAR G. PRAJAPATI","Gujarat","Ahmedabad"
"2372","AHMEDABAD CAREER","GUJGUJ/2013/52318","30-09-2013","Gujarati","Monthly","MANOJ NAGINDAS SHAH","MANOJ NAGINDAS SHAH","Gujarat","Ahmedabad"
"2373","AHMEDABAD CITY NEWS","GUJGUJ/2019/78459","10-02-2020","Gujarati","Daily","DINESHBHAI GUNJARMAL SHARMA","DINESHBHAI GUNJARMAL SHARMA","Gujarat","Ahmedabad"
"2374","AHMEDABAD CITY NEWS","GUJGUJ/2009/31378","17-03-2010","Gujarati","Weekly","SHARMA DINESH GUNJARMAL","DINESHBHAI GUNJARMAL SHARMA","Gujarat","Ahmedabad"
"2375","AHMEDABAD COVERAGE","GUJGUJ/2021/80963","10-01-2022","Gujarati","Weekly","PARITA NIKHIL BAROT","PARITA NIKHIL BAROT","Gujarat","Ahmedabad"
"2376","AHMEDABAD CRIME","GUJGUJ/2010/31288","15-02-2013","Gujarati","Weekly","PARESH B. PATEL","PARESH B. PATEL","Gujarat","Ahmedabad"
"2377","AHMEDABAD CRIME","GUJGUJ/2013/52871","30-10-2013","Gujarati","Daily","PARESH B. PATEL","PARESH B. PATEL","Gujarat","Ahmedabad"
"2378","AHMEDABAD EXPRESS","GUJGUJ/2015/66164","17-02-2016","Gujarati","Daily","KALPESH JAYRAM KOSHTI","KALPESH JAYRAM KOSHTI","Gujarat","Vadodara"
"2379","AHMEDABAD EXPRESS","GUJGUJ/2015/66555","29-03-2016","Gujarati","Daily","KALPESH JAYRAM KOSHTI","KALPESH JAYRAM KOSHTI","Gujarat","Surat"
"2380","AHMEDABAD EXPRESS","GUJGUJ/2011/40654","06-02-2012","Gujarati","Daily","KALPESH JAYRAM KOSHTI","KALPESH JAYRAM KOSHTI","Gujarat","Ahmedabad"
"2381","AHMEDABAD HEADLINE NEWS","GUJGUJ/2021/80937","10-01-2022","Gujarati","Fortnightly","VORA KULDEEP BHADRESHBHAI","VORA KULDEEP BHADRESHBHAI","Gujarat","Ahmedabad"
"2382","AHMEDABAD HERITAGE","GUJGUJ/2020/79607","05-03-2021","Gujarati","Fortnightly","MOHAMMAD AAMIR MOHAMMAD HUSAIN PIPADWALA","MOHAMMAD AAMIR MOHAMMAD HUSAIN PIPADWALA","Gujarat","Ahmedabad"
"2383","AHMEDABAD LAW TIMES","GUJBIL/2006/20713","06-08-2007","English, Gujarati","Monthly","SHITAL ARVINDBHAI SONI","SHITAL ARVINDBHAI SONI","Gujarat","Ahmedabad"
"2384","AHMEDABAD LAW TIMES","38406","03-09-1981","","Monthly","NA","NA","",""
"2385","AHMEDABAD MEDICO NEWS","GUJENG/2006/17532","25-10-2006","English","Monthly","DR.MEHUL J.SHAH","AHMEDABAD MEDICAL ASSOCIATION","Gujarat","Ahmedabad"
"2386","AHMEDABAD MIRROR","GUJENG/2005/16675","14-02-2012","ENGLISH","Daily","VASANT SURESHBHAI PATEL","SHAYONA TIMES PRIVATE LIMITED","Gujarat","Ahmedabad"
"2387","AHMEDABAD MISSIONARY","11180","01-01-1957","English","Monthly","BROTHER S ABRIT SJ","THE BISHOP OF THE AHMEDABAD DIOCESE","Gujarat","Anand"
"2388","AHMEDABAD MITRA","GUJGUJ/2018/76222","15-10-2018","Gujarati","Weekly","SHAIKH SHAHENAJBANU SHABBIRALI","SHAIKH SHAHENAJ BANU SHABBIR ALI","Gujarat","Ahmedabad"
"2389","AHMEDABAD SAMAY","GUJGUJ/2015/62723","19-06-2015","Gujarati","Weekly","VISHAL R. PATANKAR","VISHAL R. PATANKAR","Gujarat","Ahmedabad"
"2390","AHMEDABAD SPEED NEWS","GJGUJ/24/A0014","20-11-2024","Gujarati","Weekly","DABHI SONALBEN","DABHI SONALBEN","Gujarat","Ahmedabad"
"2391","AHMEDABAD SUBAH","GUJHIN/2016/71780","19-05-2017","Hindi","Daily","ASHISH CHATURVEDI","ASHISH CHATURVEDI","Gujarat","Ahmedabad"
"2392","AHMEDABAD TEHELKA","GUJHIN/2015/65543","08-01-2016","Hindi","Weekly","CHAUHAN RUSTAM SINGH","CHAUHAN RUSTAM SINGH","Gujarat","Ahmedabad"
"2393","AHMEDABAD TEXTILE CHRONICLE","6083","17-06-1959","English","Weekly","B.R.SHAH","B.R.SHAH","Gujarat","Ahmedabad"
"2394","AHMEDABAD TIMES","GUJENG/2002/05898","06-02-2002","English","Daily","RAMESH HUKMATRAI DHANANI","BENNETT, COLEMAN & CO.LTD","Gujarat","Ahmedabad"
"2395","AHMEDABAD TIMES MASALA MIX","GUJGUJ/2014/55797","30-05-2014","Gujarati","Daily","HITESH BUDHBHATTI","BENNETT, COLEMAN & CO.LTD","Gujarat","Ahmedabad"
"2396","AHMEDABAD TIMES OF INDIA","GUJENG/2002/07254","16-12-2009","English","Daily","Montoo Prakash Jain","BENNETT, COLEMAN & CO.LTD","Gujarat","Ahmedabad"
"2397","AHMEDABAD UDAY","GUJHIN/2021/80147","13-09-2021","Hindi","Weekly","AMOL VILAS DHABDAGE","AMOL VILAS DHABDAGE","Gujarat","Ahmedabad"
"2398","AHMEDABADI NAVARATNA","GUJGUJ/2000/02383","11-11-2000","Gujarati","Weekly","DILIP M.PRAJAPATI","DILIP M.PRAJAPATI","Gujarat","Ahmedabad"
"2399","AHMEDNAGAR DARPAN","MHMAR/25/A3800","10-11-2025","Marathi","Daily","Shaikh Yusuf Shabbir","Shaikh Yusuf Shabbir","Maharashtra","Ahilyanagar"
"2400","AHMEDNAGAR GHADAMODI","MAHMAR/2017/75309","25-05-2018","Marathi","Daily","MANOJ VASUMAL MOTIYANI","MANOJ VASUMAL MOTIYANI","Maharashtra","Ahilyanagar"
"2401","AHMEDNAGAR INSAF","MAHMAR/2012/43365","25-06-2012","Marathi","Weekly","SHAIKH IQBAL MUBARAK","SHAIKH IQBAL MUBARAK","Maharashtra","Ahilyanagar"
"2402","AHMEDNAGAR PARISAR","MAHMAR/2018/76146","03-10-2018","Marathi","Weekly","PRAMOD RANGNATH ASHTEKAR","PRAMOD RANGNATH ASHTEKAR","Maharashtra","Ahilyanagar"
"2403","AHMEDNAGAR PARIVARTAN","MAHMUL/2023/88143","16-08-2024","MULTILINGUAL","Weekly","RAMA ANNA SHINDE","RAMA ANNA SHINDE","Maharashtra","Ahilyanagar"
"2404","AHMIYATH","TELURD/2008/56108","04-07-2014","Urdu","Daily","MD. IMRAN","MD. IMRAN","Telangana","Jagitial"
"2405","AHNIK VARTA PATRAM","UTTSAN/2023/85321","23-08-2023","Sanskrit","Daily","ANAND NARAYAN SHUKLA","ANAND NARAYAN SHUKLA","Uttarakhand","Dehradun"
"2406","AHNIK VARTA PATRAM","UPSAN/2023/87523","12-06-2024","SANSKRIT","Daily","ANAND NARAYAN SHUKLA","ANAND NARAYAN SHUKLA","Uttar Pradesh","Lucknow"
"2407","AHNIK VARTA PATRAM","UPSAN/2018/76680","15-01-2019","Sanskrit","Daily","ANAND NARAYAN SHUKLA","ANAND NARAYAN SHUKLA","Uttar Pradesh","Prayagraj"
"2408","AHOOTI","9987","01-01-1963","Urdu","Weekly","JAGAN NATH DAWAR","JANGAN NATH DAWAR & BAHADUR CHAND GOYAL","Punjab","Firozpur"
"2409","AHOOTI","16935","11-09-2013","MARATHI","Weekly","GIRISH VASANT TRIVEDI","GIRISH VASANT TRIVEDI","Maharashtra","Thane"
"2410","AHORAN SAMACHAR","64076","17-09-1996","Bengali","Weekly","AJAY CHANDRA AGARWAL","M/S BEECEE GRAPHIC MACHINES","West Bengal","Kolkata"
"2411","AHTHMAA REPORTER","TNTAM/2009/30865","10-02-2010","Tamil","Fortnightly","B. FAZULUDEEN","B. FAZULUDEEN","Tamil Nadu","Tiruchirappalli"
"2412","AHTISAB","JKURD/1998/00449","06-03-2000","Urdu","Weekly","IRSHAD MEHMOOD SHAH","IRSHAD MEHMOOD SHAH","Jammu and Kashmir","Srinagar"
"2413","AHUJAS INTELLECTUAL PROPERTY CASES IPC","62518","19-10-1995","English","Other","SUDHIR DESH AHUJA","BUSINESS ESTATES PVT. LTD.","West Bengal","Kolkata"
"2414","AHUJAS PATENT AND TRADEMARK NEWS","69567","17-12-1998","English","Other","SUDHIR DESH AHUJA","BUSINESS ESTATES PVT. LTD.","West Bengal","Kolkata"
"2415","AHUJAS WORLD PATENT AND TRADE MARK NEWS","69594","22-12-1998","English","Other","SUDHIR DESH AHUJA","BUSINESS ESTATES PVT. LTD.","West Bengal","Kolkata"
"2416","AHWAL E HIND","DELURD/2013/48869","28-03-2013","Urdu","Daily","YASMEEN RAHMANI","YASMEEN RAHMANI","Delhi","New Delhi"
"2417","AIBSNLREA NEWS GUJARAT","GUJENG/2018/75929","28-08-2018","English","Half Yearly","AMBALAL BABALDAS PATEL","AIBSNLREA, GUJARAT","Gujarat","Ahmedabad"
"2418","AICRA FUTURE TECH","DELENG/2019/77726","11-07-2019","English","Monthly","RAJKUMAR SHARMA","COUNCIL FOR ROBOTICS & AUTOMATION(AICRA)","Delhi","New Delhi"
"2419","AIDA NEWS LETTER","DELENG/2001/05436","07-12-2001","English","Monthly","SHRI. PRAMOD SHARMA","ALL INDIA DISTILLERS ASSOCIATION","Delhi","New Delhi"
"2420","AIE CANDOUR AN INTERNATIONAL JOURNAL IN SOCIAL SCIENCES AND EDUCATION","UPENG/2019/79275","12-01-2021","English","Four Monthly","SHUSHILA AGARWAL","ASSOCIATION FOR INNOVATIVE EDUCATION","Uttar Pradesh","Meerut"
"2421","AIENA","37876","06-12-1981","Urdu","Weekly","AHMED MUKESH","NA","Telangana","Hyderabad"
"2422","AIENA E CHASHM","44821","24-12-1985","Urdu","Weekly","AHMED MUKESH","AHMED MUKESH","Telangana","Hyderabad"
"2423","AIFRUCTA NEWS","TELENG/2015/66657","08-04-2016","English","Bimonthly (Once in two months)","K. TIRUVENKATACHARYULU","ALL INDIA FEDERATION OF RETIRED UNIVERSITY AND COLLEGE TEACHERS ASSOCIATIONS","Telangana","Rangareddy"
"2424","AIFTP TIMES","MAHENG/2010/32910","16-07-2010","English","Monthly","KOTECHA MITESH ASHWIN","ALL INDIA FEDERATION OF TAX PRACTITIONERS","Maharashtra","Mumbai"
"2425","AIITA","MPBIL/2015/66648","08-04-2016","English, HINDI","Monthly","RAJESH SHUKLA","RAJESH SHUKLA","Madhya Pradesh","Indore"
"2426","AIKA DAVNDI","MAHBIL/2005/15360","10-10-2005","Marathi, Hindi","Weekly","SHARMA PRAKASH PRABHATILAL","SHARMA PRAKASH PRABHATILAL","Maharashtra","Akola"
"2427","AIKKIYAA MADALOSAI","TNTAM/25/A2777","22-09-2025","Tamil","Monthly","KALIMUTHU","KALIMUTHU","Tamil Nadu","Tenkasi"
"2428","AIKS NAAD","53585","14-07-2012","English","Monthly","TEJ KUMAR TIKOO","ALL INDIA KASHMIRI SAMAJ","Delhi","New Delhi"
"2429","AIKYA","1982","04-03-1957","Marathi","Daily","SHAILENDRA SURESH PALNITKAR","M/S DAILY AIKYA","Maharashtra","Satara"
"2430","AIKYAUPADHYAYA","25433","10-08-1976","Telugu","Monthly","A. VENKATA SWAMY","A.P. UNITED TEACHERS FEDERATION","Telangana","Hyderabad"
"2431","AIKYAUPADHYAYA","APMUL/2019/80460","15-11-2021","MULTILINGUAL","Monthly","KANDALA SATYA SUBRAHMANYA PRASAD","A. P.UNITED TEACHERS FEDERATION","Andhra Pradesh","N T R"
"2432","AILAN E AAM","MAHURD/2016/68333","17-08-2016","Urdu","Weekly","SALAHUDDIN AYYUBI SHAIKH RASHEED","SALAHUDDIN AYYUBI SHAIKH RASHEED","Maharashtra","Nashik"
"2433","AILAN E JHARKHAND","JHAURD/2013/53064","14-11-2013","Urdu","Daily","ALE IMRAN","ALE IMRAN","Jharkhand","Ranchi"
"2434","AILAN-E-AWADH","UPURD/2006/19780","17-05-2007","Urdu","Daily","SADIA HASAN","SADIA HASAN","Uttar Pradesh","Lucknow"
"2435","AIMS AND ARROWS","DELENG/2017/74557","05-02-2018","English","Monthly","K.S. VISHAL","K S VISHAL","Delhi","New Delhi"
"2436","AIN WAQT","UPHIN/2006/16633","24-05-2006","Hindi","Weekly","SUSHIL SHRIWASTAVA","SUSHIL SHRIVASTAVA","Uttar Pradesh","Lucknow"
"2437","AINA E HYDERABAD","37875","17-12-2012","Urdu","Daily","MOHD. KALEEMUDDIN","MOHD. KALEEMUDDIN","Telangana","Hyderabad"
"2438","AINA E JAMAL","BIHURD/2014/55981","20-06-2014","Urdu","Weekly","MD. NAYYAR AZAM","MD. NAYYAR AZAM","Bihar","Patna"
"2439","AINA E NIZAMABAD","TELURD/2020/78818","16-07-2020","Urdu","Daily","HUMERA MEHENAZ MAZHAR","HUMERA MEHENAZ MAZHAR","Telangana","Nizamabad"
"2440","AINA E SABOORI","DELHIN/2012/43961","11-07-2012","Hindi","Monthly","GULE RANA","GULE RANA","Delhi","New Delhi"
"2441","AINA E SAMAJ","DELURD/2013/52560","11-10-2013","Urdu","Daily","MOHD. AHTESHAMUL HASAN","MOHD. AHTESHAMUL HASAN","Delhi","New Delhi"
"2442","AINA E TIKAMGARH","MPHIN/2015/65670","21-01-2016","Hindi","Weekly","SHEKH RAEES","SHEKH RAEES","Madhya Pradesh","Tikamgarh"
"2443","AINA INDIA","DELHIN/2004/13866","02-02-2005","Hindi","Weekly","SHAMA PARVIN SAIFI","SHAMA PARVIN SAIFI","Delhi","New Delhi"
"2444","AINA KI GUNJ","DELHIN/2011/38327","25-07-2011","Hindi","Weekly","BINDU SHARMA","BINDU SHARMA","Delhi","New Delhi"
"2445","AINA KUMAON KA","UAHIN/26/A2610","15-04-2026","Hindi","Fortnightly","Daya Joshi","Daya Joshi","Uttarakhand","Nainital"
"2446","AINA SANDESH","UPHIN/2013/54061","20-01-2014","Hindi","Weekly","PAVITRA KUMAR TIWARI","PAVITRA KUMAR TIWARI","Uttar Pradesh","Ballia"
"2447","AINA-A-KIRDAR","UPHIN/2022/83231","31-01-2023","Hindi","Weekly","KM RANI","KM RANI","Uttar Pradesh","Ghaziabad"
"2448","AINA-E-HYDERABAD","38993","17-12-2012","Urdu","Weekly","MOHD. KALEEMUDDIN","MOHD. KALEEMUDDIN","Telangana","Hyderabad"
"2449","AINA-E-SHEKHAVATI","57844","15-03-1994","Hindi","Fortnightly","RAMANAND SHARMA","RAMANAND SHARMA","Rajasthan","Jhunjhunu"
"2450","AINAA E AWAAM","KARURD/2021/82488","21-10-2022","Urdu","Daily","SHAHEEN SULTANA","SHAHEEN SULTANA","Karnataka","Raichur"
"2451","AIPNBOA NEWSLETTERS","26773","06-08-2013","English","Monthly","DILIP SAHA","ALL INDIA PUNJAB NATIONAL BANK OFFICERS ASSOCIATION","Delhi","New Delhi"
"2452","AIR CIVIL CASES","MAHENG/2017/75853","07-08-2018","English","Monthly","SUMANT W. CHITALEY","ALL INDIA REPORTER PRIVATE LIMITED","Maharashtra","Nagpur"
"2453","AIR COSTA HAPPY FLYING","MAHENG/2016/71014","17-04-2017","English","Monthly","ABBAS J. KAPADIA","BLITZ MULTIMEDIA PVT.LTD","Maharashtra","Mumbai"
"2454","AIR POWER","DELENG/2006/18450","09-02-2007","English","Quarterly","AIR CMDE JASJIT SINGH(RETD.)","FORUM FOR NATIONAL SECURITY STUDIES TRUST","Delhi","New Delhi"
"2455","AIR-KARNATAKA HIGH COURT REPORTS","MAHENG/2000/10029","05-06-2003","English","Monthly","SUMANT W. CHITALEY","ALL INDIA REPORTER PVT. LTD.","Maharashtra","Nagpur"
"2456","AIRA VARTA","RAJHIN/2016/71202","20-04-2017","Hindi","Weekly","IQBAL KHAN","IQBAL KHAN","Rajasthan","Bikaner"
"2457","AIRAWAT PATRIKE","KARKAN/2022/83451","28-02-2023","Kannada","Monthly","NEELAKANTH BHAJANTRI","NEELAKANTH BHAJANTRI","Karnataka","Belagavi"
"2458","AIRPORT TIMES","DELBIL/2014/56692","26-08-2014","English, HINDI","Monthly","MANPREET SINGH","MANPREET SINGH","Delhi","New Delhi"
"2459","AIRSON EXPRESS","MPHIN/2011/45437","27-09-2012","Hindi","Weekly","NARESH MANDEKAR","NARESH DAYALAL MANDEKAR","Madhya Pradesh","Betul"
"2460","AIS JMI JOURNAL OF INTERNATIONAL AND AREA STUDIES","DELENG/2019/77502","17-06-2019","English","Annual","PROF. RASHMI DORAISWAMY","MMAJ ACADEMY OF INTERNATIONAL STUDIES, JAMIA MILLIA ISLAMIA","Delhi","New Delhi"
"2461","AISA KAL","UPHIN/2022/83748","12-04-2023","Hindi","Monthly","DHARMENDRA KUMAR SINGH","DHARMENDRA KUMAR SINGH","Uttar Pradesh","Lucknow"
"2462","AISAS CRIME REPORTER","36926","16-10-1980","Hindi","Weekly","J C SEHGAL","J C SEHGAL","Haryana","Sonipat"
"2463","AISESLENS","54140","15-11-1991","Hindi","Weekly","NA","NA","Madhya Pradesh","Gwalior"
"2464","AISHBAG TODAY","MPHIN/2021/81884","26-08-2022","Hindi","Monthly","NEELAM MEHAR","NEELAM MEHAR","Madhya Pradesh","Bhopal"
"2465","AISHBAG TODAY","MPHIN/2018/77680","03-07-2019","Hindi","Fortnightly","NEELAM MEHAR","NEELAM MEHAR","Madhya Pradesh","Bhopal"
"2466","AISHBAG TODAY","MPHIN/2017/74191","18-12-2017","Hindi","Weekly","NEELAM MEHAR","NEELAM MEHAR","Madhya Pradesh","Bhopal"
"2467","AISHWARYA","MAHMAR/2005/15972","26-04-2012","Marathi","Annual","SUNJJOY MANOHAR DAHAKE","M/S.KOTHRUD MITRA NEWSPAPERS PRIVATE LIMITED","Maharashtra","Pune"
"2468","AISHWARYA PRABHA","MAHHIN/2013/54435","28-02-2014","Hindi","Weekly","ARCHANA S. SHRIVASTAV","ARCHANA S. SHRIVASTAV","Maharashtra","Mumbai"
"2469","AITIHASIK QADAM","UPHIN/2021/82168","19-09-2022","Hindi","Monthly","SANDHYA MISHRA","SANDHYA MISHRA","Uttar Pradesh","Lucknow"
"2470","AITIHASIK RAJDHANI","MPHIN/2011/43000","20-06-2012","Hindi","Monthly","VIRENDRA KUMAR PATHAK","VIRENDRA KUMAR PATHAK","Madhya Pradesh","Bhopal"
"2471","AITIHYA kHABAR","ORORI/26/A3774","15-05-2026","Oriya","Monthly","ISWAR JENA","ISWAR JENA","Odisha","Cuttack"
"2472","AITIJYA BANGLA","WBBEN/2014/58536","27-11-2014","Bengali","Weekly","KRISHNENDU KUNDU","KRISHNENDU KUNDU","West Bengal","North 24 Parganas"
"2473","AITORMA","TRIKOK/2013/56055","27-06-2014","English","Monthly","FR. BENNY MUSHAHARY SDB","DON BOSCO WELFARE SOCIETY","Tripura","West Tripura"
"2474","AIWAN-E-URDU DELHI","45938","08-10-2014","URDU","Monthly","MOHAMMAD AHSAN ABID","URDU ACADEMY, DELHI","Delhi","New Delhi"
"2475","AJ","47967","05-07-1989","Hindi","Daily","SURESH SINGH","JNANAMANDAL LTD.","Uttar Pradesh","Lucknow"
"2476","AJ DI AWAZ","PUNPUN/2015/70097","25-01-2017","Punjabi","Daily","GURMUKH SINGH","PANTH MATA SAHIB KAUR, CHARITABLE TRUST","Punjab","Bathinda"
"2477","AJ DI AWAZ","46843","12-12-2005","PUNJABI","Daily","ARSHDEEP SINGH SAMRA","PANTH MATA SAHIB KAUR, CHARITABLE TRUST","Punjab","Jalandhar"
"2478","AJ KAL PARSU","WBBEN/2007/21163","20-09-2007","Bengali","Fortnightly","JAYANTA KUMAR DATTA","JAYANTA KUMAR DATTA","West Bengal","Purba Bardhaman"
"2479","AJA KACHANG","MANTHN/2019/78010","20-09-2019","English","Monthly","VALLEYROSE HUNGYO","VALLEYROSE HUNGYO","Manipur","Imphal East"
"2480","AJAATHA SHTRU","TGBIL/26/A0173","01-01-2026","Telugu, English","Daily","Adulapuram Ravindra prasad","Adulapuram Ravindra prasad","Telangana","Siddipet"
"2481","AJAB GAJAB","58478","16-06-1994","Hindi","Weekly","HARI LAL JAISWAL","HARI LAL JAISWAL","Uttar Pradesh","Lucknow"
"2482","AJAB GAJAB","64373","03-10-1996","Hindi","Fortnightly","HARILAL JAISWAL","HARILAL JAISWAL","Uttar Pradesh","Lucknow"
"2483","AJAB KI DUNIYA","MPHIN/2011/38633","23-08-2011","Hindi","Monthly","RIYAZ KHAN","RIYAZ KHAN","Madhya Pradesh","Bhopal"
"2484","AJAB-GAJAB SAMACHAR","GUJGUJ/2001/05832","29-01-2002","Gujarati","Weekly","KAUSHIK VINAYAKRAI BHATT","KAUSHIK VINAYAKRAI BHATT","Gujarat","Bhavnagar"
"2485","AJACHA MAHARASHTRA","MAHMAR/2009/28412","20-07-2009","Marathi","Daily","SANTOSH BHAURAO GHARAT","SANTOSH BHAURAO  GHARAT","Maharashtra","Raigarh"
"2486","AJACHA-AMADAR","MAHMAR/2006/22792","04-02-2008","Marathi","Weekly","Santosh Ashok Abbad","Santosh Ashok Abbad","Maharashtra","Chhatrapati Sambhaji Nagar"
"2487","AJACHI UDYOG NAGARI","MAHMAR/2016/67182","03-06-2016","Marathi","Weekly","DEEPA MOHAN WAGHMARE","DEEPA MOHAN WAGHMARE","Maharashtra","Thane"
"2488","AJAD HINDIM","13100","01-01-1957","Hindi","Weekly","GOPAL CHOURISHI","BHARAT PRAKASHAN SAMITI","Madhya Pradesh","Ujjain"
"2489","AJAGAR BHOOMI","UPHIN/2007/21359","17-10-2007","Hindi","Fortnightly","CHAUDHARY OM PRAKASH SINGH","CHAUDHARY OM PRAKASH SINGH","Uttar Pradesh","Bulandshahr"
"2490","AJAKA GOTALA","71570","06-09-1999","Gujarati","Weekly","NEETA N TRIVEDI","ASHWAJIT PUBLICATION","Gujarat","Surendranagar"
"2491","AJAMGARH TIMES","50950","09-01-1990","Hindi","Weekly","MIRA MISHRA","RAVIKANT MISHRA","Uttar Pradesh","Azamgarh"
"2492","AJAMGARH UDGAR","63328","28-02-1996","Hindi","Daily","SHIVANAND SINGH","SHIVANAND SINGH","Uttar Pradesh","Azamgarh"
"2493","AJANA PATHIK","53112","16-02-1993","Bengali","Fortnightly","ACHARIYA MAHESHANANDA AVADHUTA","PROUTISTS UNIVERSAL","West Bengal","Purba Bardhaman"
"2494","AJANA RAHSHYA","WBBEN/2003/10932","09-10-2003","Bengali","Weekly","ARUN SEN GUPTA","ARUN SEN GUPTA","West Bengal","Purba Bardhaman"
"2495","AJANTA","APURD/2008/28793","27-08-2009","Urdu","Weekly","RISHI MAMCHAND KAUSHICK","RISHI MAMCHAND KAUSHICK","Andhra Pradesh","Hyderabad"
"2496","Ajanta Fast way","PBBIL/25/A2712","19-09-2025","Hindi, Punjabi","Monthly","Manish Kumar","Manish Kumar","Punjab","Ludhiana"
"2497","AJANTA LOKWARTA","MHHIN/26/A0489","20-01-2026","Hindi","Weekly","Shaikh Iqbal Ahmed Abdul Razzaque","Shaikh Iqbal Ahmed Abdul Razzaque","Maharashtra","Chhatrapati Sambhaji Nagar"
"2498","AJAPALAKAN","KERMAL/2010/34547","04-02-2011","Malayalam","Monthly","SAJUMON MATHEW (FR. THOMAS)","SAJUMON MATHEW (FR. THOMAS)","Kerala","Kannur"
"2499","AJATASHATRU TIMES","UPHIN/2023/86744","28-03-2024","Hindi","Half Yearly","ARTI RAI","SURAJ PRASAD RAI","Uttar Pradesh","Sitapur"
"2500","AJATASHATRU TIMES","UPHIN/2018/77308","07-05-2019","Hindi","Weekly","ARTI RAI","SURAJ PRASAD RAI","Uttar Pradesh","Sitapur"